标题,网址,日期
巡察公告,http://ssthjj.zhuhai.gov.cn/hbxw/content/post_3579698.html,2023-08-16  
深化合作交流 共同守护水与海洋环境,http://ssthjj.zhuhai.gov.cn/hbxw/content/post_3586619.html,2023-08-16  
珠海市生态环境局局长张经纬：以“美丽中国”珠海实践持续擦亮城市品牌,https://mp.weixin.qq.com/s/gb9baLtr1YNrEoe38EcuRQ,2023-08-16  
市生态环境局开展节前环境安全督导检查,http://ssthjj.zhuhai.gov.cn/hbxw/content/post_3583296.html,2023-08-16  
“鲸变”海洋湿地艺术节在淇澳岛举行 环保主题系列活动异彩纷呈,http://ssthjj.zhuhai.gov.cn/hbxw/content/post_3581634.html,2023-08-16  
九届市委第四轮第五巡察组巡察市生态环境局党组工作动员会召开,http://ssthjj.zhuhai.gov.cn/hbxw/content/post_3580701.html,2023-08-16  
我市开展排水许可联合督导检查工作指导和帮助企业依法依规有序排水,http://ssthjj.zhuhai.gov.cn/hbxw/content/post_3576640.html,2023-08-16  
市生态环境局高新分局与珠海国际赛车场召开座谈会,https://mp.weixin.qq.com/s/Sx-juojSS0Sv8B6pA7mc-w,2023-08-16  
珠海再动员再部署 巩固城市黑臭水体治理成效,https://mp.weixin.qq.com/s/JAPeVs6UpPoT8qCj4FaT-g,2023-08-16  
珠海市生态环境局诚邀网友建言献策,https://mp.weixin.qq.com/s/Co3JtAcnjahMyXG_26jUAg,2023-08-16  
珠海市近年已完成海岛生态复绿19.6公顷 走进海上“绿美明珠” 感受发展“绿色势能”,http://ssthjj.zhuhai.gov.cn/hbxw/content/post_3569858.html,2023-08-16  
斗门建成水源地高位智能监控系统 22个智能摄像机守护“饮水缸,http://ssthjj.zhuhai.gov.cn/hbxw/content/post_3569852.html,2023-08-16  
打造“美丽中国”珠海实践 推进“无废城市”建设,http://ssthjj.zhuhai.gov.cn/hbxw/content/post_3565622.html,2023-08-16  
珠海举办8·15无废生态主题活动,http://ssthjj.zhuhai.gov.cn/hbxw/content/post_3565588.html,2023-08-16  
习近平在首个全国生态日之际作出重要指示强调 全社会行动起来做绿水青山就是金山银山理念的积极传播者和模范践行者  丁薛祥出...,http://zhuhaidaily.hizh.cn/html/2023-08/16/content_1210_8161220.htm,2023-08-16  
中共中央办公厅 国务院办公厅印发《关于建立领导干部应知应会党内法规和国家法律清单制度的意见》,https://mp.weixin.qq.com/s/E7k_0Vjjm6fYfmXr55VSOQ,2023-06-29  
百名亲子参与我市“无废城市”宣传活动 了解环保知识 共建绿色珠海,http://ssthjj.zhuhai.gov.cn/hbxw/content/post_3563042.html,2023-06-29  
“美丽中国”珠海实践向深向实 累计完成投资逾115亿元,http://ssthjj.zhuhai.gov.cn/hbxw/content/post_3558388.html,2023-06-29  
黄志豪主持召开市政府常务会议 认真学习贯彻习近平总书记重要讲话精神 奋力打造美丽中国生态典范,http://ssthjj.zhuhai.gov.cn/hbxw/content/post_3558386.html,2023-06-29  
推动绿色低碳发展 高质量建设美丽珠海,http://ssthjj.zhuhai.gov.cn/hbxw/content/post_3555452.html,2023-06-29  
情侣路周边海水为何泛黄？,http://ssthjj.zhuhai.gov.cn/hbxw/content/post_3555450.html,2023-06-29  
珠海通报上半年全市环境质量状况 11个主要集中式饮用水源水质达标率保持100%,http://ssthjj.zhuhai.gov.cn/hbxw/content/post_3555449.html,2023-06-29  
上半年全国168个城市空气质量排名出炉  珠海排名上升至第六位,http://ssthjj.zhuhai.gov.cn/hbxw/content/post_3552568.html,2023-06-29  
珠海排名第六！上半年市空气质量排名出炉,https://mp.weixin.qq.com/s/wmCoBRXt1XC9vhpDWFvr5Q,2023-06-29  
环保课堂进校园 与自然“童”行,https://mp.weixin.qq.com/s/Oifyg3OaFwc7bOrkoNUf9A,2023-06-29  
既有理论高度，又有全局视野！第三十期“生态环境双周论坛”很有料,https://mp.weixin.qq.com/s/sAilp9SgOMz7l7FJl8dmHg,2023-06-29  
排查监测隐患 保障监测质量,https://mp.weixin.qq.com/s?__biz=MzAwMjQyNTE1OQ==&mid=2652214189&idx=5&sn=5bce70be8a6d570506c63f38818b73b3&chksm=812b9b85b65c12939e96da36b89a169e6111da3d56694a1129f211936d0a6eca7bdd6ac2eb11&scene=126&sessionid=1688435296#rd,2023-06-29  
提高自行监测能力 68家高新区企业线上“充电”,https://mp.weixin.qq.com/s/Go-imHeOFDuAtBafRcFqfg,2023-06-29  
提质增效齐共建 深耕珠海“无废”路,https://mp.weixin.qq.com/s?__biz=MzAwMjQyNTE1OQ==&mid=2652214189&idx=3&sn=771ca5ec3b3372f9c31dd73939e0e5d6&chksm=812b9b85b65c129338927ff26344e5820adb2f5a529e3b2a493d9cfb257002f8e3203f6f6355&scene=126&sessionid=1688435296#rd,2023-06-29  
一线监测人员分享《我们的青春》,https://mp.weixin.qq.com/s/UPeZb-qC704lj0tEOmRFAw,2023-06-29  
潮起最美海岸线 感受经济特区的“绿色势能”,https://mp.weixin.qq.com/s/Lghpj9461GzToI7N8Uy9vw,2023-06-19  
赋能基层 深入推进“无废城市”细胞建设,https://mp.weixin.qq.com/s/_F-BVtJd97n-IBaATXuDqg,2023-06-19  
聆听鸟儿故事 观赏飞羽世界,https://mp.weixin.qq.com/s/rskROYpLUU8kJDet2kImIQ,2023-06-19  
第十五期“我为生态珠海”代言人亮相（上）,https://mp.weixin.qq.com/s/v5guXIxDPe6yt6fkm5JC2g,2023-06-19  
闻“汛”而动 织密汛期应急监测“防御网”,https://mp.weixin.qq.com/s?__biz=MzAwMjQyNTE1OQ==&mid=2652213926&idx=3&sn=55113327df76c2159b3e029db9a573e4&chksm=812b9a8eb65c1398503c134f30aeedda861d917b68cdff94133b0744bc28e5abb8d8383f401e&scene=126&sessionid=1687830573#rd,2023-06-19  
守护珠海好空气 特邀行家“把诊问脉”,https://mp.weixin.qq.com/s?__biz=MzAwMjQyNTE1OQ==&mid=2652213926&idx=2&sn=21879c90b579f5a919158dfaa4d8fcaf&chksm=812b9a8eb65c139831a2f99525d08e9a61731c911648ff3280f11ca6052823c2664a26c93716&scene=126&sessionid=1687830573#rd,2023-06-19  
让“生态之花”在童心绽放,https://mp.weixin.qq.com/s/Gyx7U4VGyOaCfcRk_Seilg,2023-06-19  
珠海市2023年5月及1-5月PM10浓度排名出炉,https://mp.weixin.qq.com/s?__biz=MzAwMjQyNTE1OQ==&mid=2652213885&idx=2&sn=544611b77ad01278b8de6f9112249b9c&chksm=812b9a55b65c1343d5323e8f19e76d1ecc5658dca452d8f023f74291f1facfbf86ed63097df2&scene=126&sessionid=1687830573#rd,2023-06-19  
入河入海排污口溯源整治！斗门区召开整治工作推进会议,https://mp.weixin.qq.com/s?__biz=MzAwMjQyNTE1OQ==&mid=2652213885&idx=3&sn=61c3fbcf4833e49fe775e979bd7a4bfc&chksm=812b9a55b65c1343326ac4badbcabd39b932c13f931f1b32e80776e45466c9066a0dea9d98e8&scene=126&sessionid=1687830573#rd,2023-06-19  
珠海全国第四！空气质量最新排名来了,https://mp.weixin.qq.com/s/e3sqtjDrLitaPJWYV8pQkA,2023-06-19  
安全宣传进社区 营造安全好氛围,https://mp.weixin.qq.com/s/fUi7ueH_ZIGnFUQ6yPlDdg,2023-06-19  
为企业环保负责人全面赋能 市生态环境局金湾分局开展系列专题培训→,https://mp.weixin.qq.com/s/B41X6qs2IKnza-HRXFB9FA,2023-06-19  
新修订的噪声污染防治法实施以来珠海查处首例工业噪声超标案,http://ssthjj.zhuhai.gov.cn/hbxw/content/post_3544667.html,2023-06-19  
【以案明法】罚款2.4万！珠海查处全市首例工业噪声超标案,https://mp.weixin.qq.com/s/En6Ofu1CosJlJhu9PB2-TQ,2023-06-19  
珠三角生态环境保护监察专员办公室到珠海高新区开展监察,https://mp.weixin.qq.com/s/YiOg9ELnVz7-9W6G4n_cnQ,2023-06-19  
绿美珠海生态建设进展如何？“成绩单”揭晓,http://ssthjj.zhuhai.gov.cn/hbxw/content/post_3544676.html,2023-05-04  
守护碧水蓝天 筑牢生态根基 金湾区大力推动生态环境保护为产业高质量发展“腾空间”,http://ssthjj.zhuhai.gov.cn/hbxw/content/post_3539390.html,2023-05-04  
市检察院召开“生态检察助力美丽珠海建设”主题新闻发布会  依法严惩环境资源犯罪 全面推进环境公益诉讼,http://ssthjj.zhuhai.gov.cn/hbxw/content/post_3539387.html,2023-05-04  
全国首批“和美海岛”评选结果揭晓 我市4个海岛获“和美海岛”称号,http://ssthjj.zhuhai.gov.cn/hbxw/content/post_3539383.html,2023-05-04  
一体推进植绿护绿 积极培育“海上森林”金湾区持续奏响绿美发展“协奏曲”,http://ssthjj.zhuhai.gov.cn/hbxw/content/post_3544661.html,2023-05-04  
珠澳携手举办世界环境日主题活动 市民代表走进“生态珠海”,http://ssthjj.zhuhai.gov.cn/hbxw/content/post_3537130.html,2023-05-04  
珠海市生态文明建设满意度和参与度公众评价线上调查,http://ssthjj.zhuhai.gov.cn/hbxw/content/post_3536903.html,2023-05-04  
期待您的参与！广东省环境教育课题研究申报开始啦！,https://mp.weixin.qq.com/s/jqQTTDVBL3zEr5ZbLN5xmw,2023-05-04  
【世界环境日】快来报名！珠海5家环保设施单位邀您来打卡，一起“涨姿势”！,https://mp.weixin.qq.com/s/YQMn8wk-Ruc_Lku7uCjBgQ,2023-05-04  
50余名中小学生及家长走进凤凰山谷开展昆虫多样性调查,http://ssthjj.zhuhai.gov.cn/hbxw/content/post_3531838.html,2023-05-04  
静音护考 他们为考生筑“隔音墙”,http://ssthjj.zhuhai.gov.cn/hbxw/content/post_3528972.html,2023-05-04  
等你来选！2023年珠海市生态调研大赛网络投票通道零点开启,https://mp.weixin.qq.com/s/y4LUDdp_HblwkoAVItW41g,2023-05-04  
规范“人间烟火气” 营造生态文明风,https://mp.weixin.qq.com/s/eEhKhf2P1i5xnUEa4vtxSQ,2023-05-04  
事关珠海空气质量保护！这份问卷期待您的参与,https://mp.weixin.qq.com/s/_Cj3hYgHZp9vWvp4BcBvLg,2023-05-04  
又帅有飒！珠海青年环保人，MV亮相！,https://mp.weixin.qq.com/s/AN1Tpv5HppCkLEAb8Obj7Q,2023-05-04  
@珠海高校师生 报名即将截止！2023年珠海市生态调研大赛进行ing,https://mp.weixin.qq.com/s/cHj1hy8GSCoZI_4tXkdqxw,2023-03-15  
弘扬特色生态文化 携手共创绿美珠海,http://ssthjj.zhuhai.gov.cn/hbxw/content/post_3518526.html,2023-03-15  
“美丽中国”珠海实践项目有序推进 全市入库项目已达203个,http://ssthjj.zhuhai.gov.cn/hbxw/content/post_3544695.html,2023-03-15  
我市拟修订《绿色建筑管理办法》多项举措在全省首开先河,http://ssthjj.zhuhai.gov.cn/hbxw/content/post_3544686.html,2023-03-15  
327家！2023年珠海市环境监管重点单位名录公布,https://mp.weixin.qq.com/s/pYev1MnkR2Gnipfcm18QKA,2023-03-15  
市生态环境局金湾分局召开2023年生态环境保护工作会议,https://mp.weixin.qq.com/s?__biz=MzAwMjQyNTE1OQ==&mid=2652210683&idx=2&sn=4a94b1895016695c26ca1cfe40150337&chksm=812b8dd3b65c04c5883ca4181b799ffe50ed8e6736f975048767367d884bbbcd8c57139a7c88&scene=126&sessionid=1681271571#rd,2023-03-15  
无人机采集水样 当场出具监测结果 我市开展突发环境事件应急监测演练,http://ssthjj.zhuhai.gov.cn/hbxw/content/post_3512112.html,2023-03-15  
我市印发首份“绿美珠海”建设林长令以“三全”力度推深做实“绿美珠海”,http://ssthjj.zhuhai.gov.cn/hbxw/content/post_3544684.html,2023-03-15  
粤闽双城记——生态文明建设的特区示范,http://ssthjj.zhuhai.gov.cn/hbxw/content/post_3544680.html,2023-03-15  
我国将建设3800多个噪声自动监测站点（央视《新闻联播》）,https://weibo.com/tv/show/1034:4876238179991658?mid=4876238844332476,2023-03-15  
重金属超标问题如何解？看珠海出妙招,http://ssthjj.zhuhai.gov.cn/hbxw/content/post_3506540.html,2023-03-15  
专家解读 | 聚焦矛盾 挖掘潜力 构建区域再生水循环利用体系,https://weibo.com/ttarticle/p/show?id=2309404882127513846151,2023-03-15  
珠海位列第8！1-2月全国环境空气质量状况公,http://ssthjj.zhuhai.gov.cn/hbxw/content/post_3502484.html,2023-03-15  
李强主持召开国务院常务会议 研究国务院机构设置有关工作 讨论《国务院工作规则（修订稿）》 新一届国务院开始全面履职,http://www.gov.cn/zongli/2023-03/14/content_5746671.htm,2023-03-15  
跟着总书记上两会 绿色动能助力高质量发展（央视《焦点访谈》）,https://weibo.com/tv/show/1034:4879307106091229?from=old_pc_videoshow,2023-03-15  
200多名环保志愿者挥锹播种， 在淇澳岛种下红树苗,http://ssthjj.zhuhai.gov.cn/hbxw/content/post_3496211.html,2023-01-20  
雷锋精神滋养城市 文明之花绽放光彩 齐心协力将珠海打造成 温暖有爱“志愿之城”,http://ssthjj.zhuhai.gov.cn/hbxw/content/post_3496210.html,2023-01-20  
1月全国空气质量珠海排名位居第六,http://ssthjj.zhuhai.gov.cn/hbxw/content/post_3491700.html,2023-01-20  
中共中央举行民主协商会 习近平主持并发表重要讲话,https://weibo.com/ttarticle/p/show?id=2309404874221179503061,2023-01-20  
违法排放废水污染环境　金湾区一企业被执法部门查处,http://ssthjj.zhuhai.gov.cn/hbxw/content/post_3488808.html,2023-01-20  
一货船停靠水源保护区，珠海生态环境执法人员火速行动,http://ssthjj.zhuhai.gov.cn/hbxw/content/post_3488801.html,2023-01-20  
【服务高质量发展】面对面帮扶服务！广东各地帮企业“克难”、为发展“加分”,https://mp.weixin.qq.com/s/Gcbn7ssBRyCjpP3Sc4ZCgw,2023-01-20  
开启中国式现代化的新长征,https://weibo.com/ttarticle/p/show?id=2309404868359765229641,2023-01-20  
珠海2022年环境空气质量位居全国第13位,http://ssthjj.zhuhai.gov.cn/hbxw/content/post_3485904.html,2023-01-20  
1月珠海PM10平均浓度43微克/立方米 较往年同期下降了6微克/立方米,http://ssthjj.zhuhai.gov.cn/hbxw/content/post_3485898.html,2023-01-20  
生态环境部水生态环境司有关负责人就《关于贯彻落实〈国务院办公厅关于加强入河入海排污口监督管理工作的实施意见〉的通知》答记...,https://mp.weixin.qq.com/s/cU6hrWlocYXPo1u7hYlpMQ,2023-01-20  
一图读懂 |《关于贯彻落实〈国务院办公厅关于加强入河入海排污口监督管理工作的实施意见〉的通知》,http://ssthjj.zhuhai.gov.cn/hbxw/content/post_3481584.html,2023-01-20  
我市发布关于燃气锅炉执行大气污染物特别排放限值的通告,http://ssthjj.zhuhai.gov.cn/hbxw/content/post_3481581.html,2023-01-20  
春节期间疫情防控工作怎么做？来看今天的发布会！,http://www.gov.cn/fuwu/2023-01/19/content_5738095.htm,2023-01-20  
环境新闻速览 | 生态环境部将强化环评服务保障助力重大项目落地,https://weibo.com/ttarticle/p/show?id=2309404859382880927995,2023-01-20  
“美丽中国”珠海实践进展如何？这场发布会有新通报,http://ssthjj.zhuhai.gov.cn/hbxw/content/post_3479544.html,2022-12-21  
全省典范！珠海市生态环境局获表扬,https://mp.weixin.qq.com/s/DipPZrmAGYQLUeCL0ZXegg,2022-12-21  
筑牢安全生产防线 市生态环境局组织开展节前安全生产检查,https://mp.weixin.qq.com/s/VqiKCJNNG_13poNmXEWx2Q,2022-12-21  
亮眼！打造“美丽中国”珠海实践，珠海交出这份成绩单！,http://ssthjj.zhuhai.gov.cn/hbxw/content/post_3479535.html,2022-12-21  
“美丽中国”珠海实践进展如何？这场发布会有新通报,http://ssthjj.zhuhai.gov.cn/hbxw/content/post_3479528.html,2022-12-21  
生态环境部就《重点管控新污染物清单（2023年版）》答记者问,https://weibo.com/ttarticle/p/show?id=2309404857433444188187,2022-12-21  
全省首个！计划投500亿！珠海就这项重磅工作出台5年方案,https://m.mp.oeeee.com/a/BAAFRD000020230113756972.html,2022-12-21  
珠海市全年PM10浓度排名出炉 全市平均浓度为2013年以来最优水平,http://ssthjj.zhuhai.gov.cn/hbxw/content/post_3477163.html,2022-12-21  
深化模范机关创建 打造“美丽中国”珠海实践,http://ssthjj.zhuhai.gov.cn/hbxw/content/post_3477148.html,2022-12-21  
珠海市全年PM10浓度排名出炉 全市平均浓度为2013年以来最优水平,http://ssthjj.zhuhai.gov.cn/hbxw/content/post_3477144.html,2022-12-21  
全国碳市场运行框架基本建立（人民日报）,http://ssthjj.zhuhai.gov.cn/hbxw/content/post_3473037.html,2022-12-21  
对白色污染说不，珠海市多部门开展联合检查,http://ssthjj.zhuhai.gov.cn/hbxw/content/post_3473035.html,2022-12-21  
争创巾帼文明岗，一起来为她们打call吧！,https://mp.weixin.qq.com/s/8q8DFxC0YihIm4YoO0KVCA,2022-12-21  
打造“美丽中国”珠海实践 建设生态文明新典范样板城市,https://mp.weixin.qq.com/s/zQB__jJRpf4FHDihNrRk5g,2022-12-21  
超高清画面！广东南岭首次拍到野生黑熊一家三口,https://weibo.com/tv/show/1034:4846970968408074?from=old_pc_videoshow,2022-12-21  
珠海市11月及1-11月PM10浓度排名出炉 全部优于一级标准,http://ssthjj.zhuhai.gov.cn/hbxw/content/post_3469558.html,2022-11-21  
《珠海市人民政府关于燃气锅炉执行大气污染物特别排放限值的通告》将印发实施减少污染物排放 持续改善空气质量,http://ssthjj.zhuhai.gov.cn/hbxw/content/post_3469555.html,2022-11-21  
珠海市11月及1-11月PM10浓度排名出炉 全部优于一级标准,http://ssthjj.zhuhai.gov.cn/hbxw/content/post_3469554.html,2022-11-21  
聚焦COP15-2 | 与会各方应建立具备执行力的保护框架（央视《新闻直播间》）,https://weibo.com/tv/show/1034:4844140278775847?from=old_pc_videoshow,2022-11-21  
深切缅怀 继承遗志 团结奋斗,http://ssthjj.zhuhai.gov.cn/hbxw/content/post_3461570.html,2022-11-21  
市人大常委会举办“珠海人大学堂”专题讲座,http://ssthjj.zhuhai.gov.cn/hbxw/content/post_3461568.html,2022-11-21  
告全党全军全国各族人民书,http://ssthjj.zhuhai.gov.cn/hbxw/content/post_3458900.html,2022-11-21  
非道路移动机械第四阶段排放标准实施进入倒计时,https://weibo.com/ttarticle/p/show?id=2309404841216645661077,2022-11-21  
市生态环境局局长张经纬：奋力打造生态文明新典范样板城市,http://ssthjj.zhuhai.gov.cn/hbxw/content/post_3458178.html,2022-11-21  
将危险废物交无证经营者处置 珠海一公司因违法被罚款83万元,http://ssthjj.zhuhai.gov.cn/hbxw/content/post_3458170.html,2022-11-21  
市生态环境局局长张经纬：奋力打造生态文明新典范样板城市,http://ssthjj.zhuhai.gov.cn/hbxw/content/post_3458171.html,2022-11-21  
斗门一洗砂场非法洗砂，环保执法人员出动无人机抓现行,http://ssthjj.zhuhai.gov.cn/hbxw/content/post_3458175.html,2022-11-21  
切实履行生态环境保护职责 不断开创新时代美丽中国建设新局面,https://weibo.com/ttarticle/p/show?id=2309404838212630872327,2022-11-21  
10所高校13个项目顺利开展并取得明显成效 共同为生态珠海建设赋能,http://ssthjj.zhuhai.gov.cn/hbxw/content/post_3454334.html,2022-11-21  
市固废中心与UIC师生开展实践活动 让学生实地了解固废处理过程,http://ssthjj.zhuhai.gov.cn/hbxw/content/post_3454326.html,2022-11-21  
为美丽中国建设营造良好社会氛围,https://weibo.com/ttarticle/x/m/show/id/2309404834362255606546?_wb_client_=1,2022-10-12  
市生态环境局香洲分局开展疫情防控医疗废物专项督导,http://ssthjj.zhuhai.gov.cn/hbxw/content/post_3450484.html,2022-10-12  
《珠海市“十四五”重金属污染防治实施方案》将出台强化重金属污染管控 切实维护生态环境安全,http://ssthjj.zhuhai.gov.cn/hbxw/content/post_3450478.html,2022-10-12  
我市多部门联合开展近岸海域污染防治执法行动 未发现有污染海洋环境行为,http://ssthjj.zhuhai.gov.cn/hbxw/content/post_3445163.html,2022-10-12  
全市生态环境执法比武活动举行 练兵强技能 竞赛铸铁军,http://ssthjj.zhuhai.gov.cn/hbxw/content/post_3445159.html,2022-10-12  
生态环境部答封面新闻：启动一年多的全国碳市场怎么样了？,https://weibo.com/ttarticle/p/show?id=2309404829570158428460,2022-10-12  
市生态环境局香洲分局开展环保知识讲座 面对面教汽修企业落实环保措施,http://ssthjj.zhuhai.gov.cn/hbxw/content/post_3444051.html,2022-10-12  
珠海1-9月PM10平均浓度排名出炉 全部监测站点均优于国家一级标准,http://ssthjj.zhuhai.gov.cn/hbxw/content/post_3444050.html,2022-10-12  
市生态环境局香洲分局开展环保知识讲座 面对面教汽修企业落实环保措施,http://ssthjj.zhuhai.gov.cn/hbxw/content/post_3444037.html,2022-10-12  
不负使命担当 忠实履职为民,https://weibo.com/ttarticle/p/show?id=2309404826300992061473,2022-10-12  
建设人与自然和谐共生的现代化（人民日报）,https://weibo.com/ttarticle/p/show?id=2309404826300203532607,2022-10-12  
珠海市生态环境局巩固提升生态环境质量，打造“美丽中国”珠海实践 厚植生态优势 坚持绿色发展,http://ssthjj.zhuhai.gov.cn/hbxw/content/post_3440258.html,2022-10-12  
2022年生态珠海文化创意 产品大赛网络投票开启 获奖作品最高奖2000元,http://ssthjj.zhuhai.gov.cn/hbxw/content/post_3440222.html,2022-10-12  
黄志豪主持召开市政府常务会议 研究部署我市乡村振兴和生态环境保护工作,http://ssthjj.zhuhai.gov.cn/hbxw/content/post_3440224.html,2022-10-12  
油气超标排放？应急监测迅速到场为环境安全保驾护航,http://ssthjj.zhuhai.gov.cn/hbxw/content/post_3437613.html,2022-10-12  
非凡十年·广东答卷丨广东生态文明建设成绩斐然,https://mp.weixin.qq.com/s/HPXxH8lo9seMu40dzChiHQ,2022-08-22  
我市新增两家小微企业危险废物收集试点单位 进一步缓解危险废物处置难问题,http://ssthjj.zhuhai.gov.cn/hbxw/content/post_3437603.html,2022-08-22  
生态环境部印发生态环境执法执勤车辆标识,https://weibo.com/ttarticle/p/show?id=2309404818618688077968,2022-08-22  
积极应对臭氧污染天气 他们在行动！,http://ssthjj.zhuhai.gov.cn/hbxw/content/post_3433111.html,2022-08-22  
打造生态价值新高地 金湾区出台《生态环境保护“十四五”规划》,http://ssthjj.zhuhai.gov.cn/hbxw/content/post_3433110.html,2022-08-22  
李克强主持召开国务院常务会议 决定进一步延长制造业缓税补缴期限 加力助企纾困等,http://ssthjj.zhuhai.gov.cn/hbxw/content/post_3428178.html,2022-08-22  
做好“守夜人” 让城市环境更美好,http://ssthjj.zhuhai.gov.cn/hbxw/content/post_3427417.html,2022-08-22  
做好“守夜人” 让城市环境更美好,http://ssthjj.zhuhai.gov.cn/hbxw/content/post_3427397.html,2022-08-22  
8月全市PM10平均浓度15微克/立方米 珠海空气质量进一步提升,http://ssthjj.zhuhai.gov.cn/hbxw/content/post_3427388.html,2022-08-22  
珠海多部门开展联合监督检查行动 为辐射安全戴上“金钟罩”,http://ssthjj.zhuhai.gov.cn/hbxw/content/post_3423577.html,2022-08-22  
珠海多部门开展联合监督检查行动 为辐射安全戴上“金钟罩”,http://ssthjj.zhuhai.gov.cn/hbxw/content/post_3423569.html,2022-08-22  
李克强主持召开国务院常务会议 听取稳住经济大盘督导和服务工作汇报等,http://ssthjj.zhuhai.gov.cn/hbxw/content/post_3422674.html,2022-08-22  
市生态环境局斗门分局志愿服务队开展环保宣传活动 积极倡导绿色低碳生活方式,http://ssthjj.zhuhai.gov.cn/hbxw/content/post_3417427.html,2022-08-22  
李克强主持召开国务院常务会议 部署推动降低企业融资成本和个人消费信贷成本的措施 加大金融支持实体经济力度等,http://www.gov.cn/premier/2022-08/19/content_5706108.htm,2022-08-22  
市生态环境局斗门分局志愿服务队开展环保宣传活动 积极倡导绿色低碳生活方式,http://ssthjj.zhuhai.gov.cn/hbxw/content/post_3417401.html,2022-08-22  
上半年建设用地土壤污染状况调查报告评审情况公布,http://ssthjj.zhuhai.gov.cn/hbxw/content/post_3417403.html,2022-07-18  
李克强在广东考察：在改革开放上勇于探索 为稳经济促发展注入新动力,http://ssthjj.zhuhai.gov.cn/hbxw/content/post_3416059.html,2022-07-18  
李克强主持召开经济大省政府主要负责人经济形势座谈会,http://ssthjj.zhuhai.gov.cn/hbxw/content/post_3415466.html,2022-07-18  
生态环境部发布8月下半月全国空气质量预报会商结果,https://weibo.com/ttarticle/p/show?id=2309404802790685016298,2022-07-18  
上月珠海全市PM10平均浓度为18微克/立方米 全部监测点数值优于国家一级标准,http://ssthjj.zhuhai.gov.cn/hbxw/content/post_3414573.html,2022-07-18  
上半年全市环境质量总体良好 空气质量保持全国重点城市前列,http://ssthjj.zhuhai.gov.cn/hbxw/content/post_3408593.html,2022-07-18  
市生态环境局金湾分局联合检测机构“入户体检”查尾气 助力空气质量持续提升,http://ssthjj.zhuhai.gov.cn/hbxw/content/post_3414564.html,2022-07-18  
上月珠海全市PM10平均浓度为18微克/立方米 全部监测点数值优于国家一级标准,http://ssthjj.zhuhai.gov.cn/hbxw/content/post_3414570.html,2022-07-18  
上半年全市环境质量总体良好 空气质量保持全国重点城市前列,http://ssthjj.zhuhai.gov.cn/hbxw/content/post_3408546.html,2022-07-18  
取消和调整一批罚款事项、进一步规范行政裁量权……这场吹风会信息量很大！,http://www.gov.cn/fuwu/2022-07/29/content_5703469.htm,2022-07-18  
“火眼金睛”查水质污染 珠海市首个地表水环境自动值守系统投入应用,http://ssthjj.zhuhai.gov.cn/hbxw/content/post_3395941.html,2022-07-18  
《珠海市水生态环境保护“十四五”规划》印发,http://ssthjj.zhuhai.gov.cn/hbxw/content/post_3395868.html,2022-07-18  
“火眼金睛”查水质污染 珠海市首个地表水环境自动值守系统投入应用,http://ssthjj.zhuhai.gov.cn/hbxw/content/post_3395870.html,2022-07-18  
举报生态环境违法行为有奖 《奖励办法》自7月31日起实施,http://ssthjj.zhuhai.gov.cn/hbxw/content/post_3395931.html,2022-07-18  
6月珠海空气质量整月“全优”,http://ssthjj.zhuhai.gov.cn/hbxw/content/post_3317669.html,2022-07-18  
习近平在新疆考察时强调：完整准确贯彻新时代党的治疆方略 建设团结和谐繁荣富裕文明进步安居乐业生态良好的美好新疆,http://www.gov.cn/xinwen/2022-07/15/content_5701239.htm,2022-06-17  
6月珠海空气质量整月“全优”,http://ssthjj.zhuhai.gov.cn/hbxw/content/post_3317664.html,2022-06-17  
AI技术助力环保监管 “智慧眼”进一步保障水环境安全,http://ssthjj.zhuhai.gov.cn/hbxw/content/post_3317613.html,2022-06-17  
全市6月及1-6月PM10浓度排名出炉 所有监测点均优于国家一级标准,http://ssthjj.zhuhai.gov.cn/hbxw/content/post_3313546.html,2022-06-17  
李克强主持召开东南沿海省份政府主要负责人经济形势座谈会,http://www.gov.cn/premier/2022-07/07/content_5699817.htm,2022-06-17  
业主放任承租方非法堆放建筑垃圾 被判共同违法并处罚款20万元,http://ssthjj.zhuhai.gov.cn/hbxw/content/post_3313534.html,2022-06-17  
市将出台《珠海市水生态环境保护“十四五”规划》和《珠海市海洋生态环境保护“十四五”规划》,http://ssthjj.zhuhai.gov.cn/hbxw/content/post_3313535.html,2022-06-17  
习近平在湖北武汉考察时强调：把科技的命脉牢牢掌握在自己手中 不断提升我国发展独立性自主性安全性,http://www.gov.cn/xinwen/2022-06/29/content_5698391.htm,2022-06-17  
环保小卫士“海小贝”来啦！ “绿色珠海 你我同行”IP设计大赛落幕,http://ssthjj.zhuhai.gov.cn/hbxw/content/post_3309844.html,2022-06-17  
环保小卫士“海小贝”来啦！ “绿色珠海 你我同行”IP设计大赛落幕,http://ssthjj.zhuhai.gov.cn/hbxw/content/post_3309842.html,2022-06-17  
生态环境监测技术人员练兵比武活动珠海赛区预赛启动,http://ssthjj.zhuhai.gov.cn/hbxw/content/post_3306606.html,2022-06-17  
生态环境监测技术人员练兵比武活动珠海赛区预赛启动,http://ssthjj.zhuhai.gov.cn/hbxw/content/post_3306605.html,2022-06-17  
李克强主持召开国务院常务会议 部署继续做好防汛救灾工作 切实保障人民群众生命财产安全,http://ssthjj.zhuhai.gov.cn/hbxw/content/post_3306514.html,2022-06-17  
生态环境部等7部门联合印发《减污降碳协同增效实施方案》,https://weibo.com/ttarticle/p/show?id=2309404781398652486127,2022-06-17  
生态环境宣传活动走进斗门区五山中心小学 小学生在互动中传递环保理念,http://ssthjj.zhuhai.gov.cn/hbxw/content/post_3303791.html,2022-06-17  
落实“双碳”行动 共建美丽家园  我市开展“全国节能宣传周”系列活动,http://ssthjj.zhuhai.gov.cn/hbxw/content/post_3303779.html,2022-05-13  
生态环境宣传活动走进斗门区五山中心小学 小学生在互动中传递环保理念,http://ssthjj.zhuhai.gov.cn/hbxw/content/post_3303773.html,2022-05-13  
省生态环境厅党组书记徐晓霞调研珠海市生态环境保护工作,http://ssthjj.zhuhai.gov.cn/hbxw/content/post_3302304.html,2022-05-13  
“努力建设人与自然和谐共生的现代化”,http://ssthjj.zhuhai.gov.cn/hbxw/content/post_3300517.html,2022-05-13  
共建清洁美丽世界 我市举行六五世界环境日主题活动,http://ssthjj.zhuhai.gov.cn/hbxw/content/post_3300516.html,2022-05-13  
共建清洁美丽世界 我市举行六五世界环境日主题活动,http://ssthjj.zhuhai.gov.cn/hbxw/content/post_3300514.html,2022-05-13  
生态环境部发布3项国家生态环境标准,https://weibo.com/ttarticle/p/show?id=2309404770169565348479,2022-05-13  
第二期“生态珠海实践教育课堂”开讲 展示一滴水的“前世今生”,http://ssthjj.zhuhai.gov.cn/hbxw/content/post_3190572.html,2022-05-13  
第二期“生态珠海实践教育课堂”开讲 展示一滴水的“前世今生”,http://ssthjj.zhuhai.gov.cn/hbxw/content/post_3190567.html,2022-05-13  
私设暗管偷排废水 珠海一企业被处罚款30万元,http://ssthjj.zhuhai.gov.cn/hbxw/content/post_3190565.html,2022-05-13  
“瞒天过海”将洗砂废水直排黄杨河,http://ssthjj.zhuhai.gov.cn/hbxw/content/post_3151960.html,2022-05-13  
“瞒天过海”将洗砂废水直排黄杨河,http://ssthjj.zhuhai.gov.cn/hbxw/content/post_3151947.html,2022-05-13  
珠海市生态环境科技促进会成立,http://ssthjj.zhuhai.gov.cn/hbxw/content/post_3151951.html,2022-05-13  
“中国这十年”系列主题新闻发布会在京举行,https://weibo.com/ttarticle/p/show?id=2309404768392904310925,2022-05-13  
珠海27个监测站点4月及1-4月PM10浓度排名出炉 全市PM10平均浓度优于一级标准,http://ssthjj.zhuhai.gov.cn/hbxw/content/post_3148082.html,2022-05-13  
珠海27个监测站点4月及1-4月PM10浓度排名出炉 全市PM10平均浓度优于一级标准,http://ssthjj.zhuhai.gov.cn/hbxw/content/post_3147742.html,2022-04-29  
通过暗管偷排废水入排洪渠 一无名洗砂场被查封,http://ssthjj.zhuhai.gov.cn/hbxw/content/post_3147743.html,2022-04-29  
中共中央政治局常务委员会召开会议,http://t.cn/A6XUbqFA,2022-04-29  
“鸟叔”梁华坤深耕荒滩十三载 育鸟逾百万只,http://ssthjj.zhuhai.gov.cn/hbxw/content/post_3143681.html,2022-04-29  
珠海一环境监测机构监测数据失实被处罚款4万元,http://ssthjj.zhuhai.gov.cn/hbxw/content/post_3143669.html,2022-04-29  
主动靠前服务 助力重点项目落地,http://ssthjj.zhuhai.gov.cn/hbxw/content/post_3143670.html,2022-04-29  
我市稳步推进土壤和地下水环境背景值调查,http://ssthjj.zhuhai.gov.cn/hbxw/content/post_3143672.html,2022-04-29  
幼儿园小朋友变身环保“技术员”,http://ssthjj.zhuhai.gov.cn/hbxw/content/post_3143673.html,2022-04-29  
“鸟叔”梁华坤深耕荒滩十三载 育鸟逾百万只,http://ssthjj.zhuhai.gov.cn/hbxw/content/post_3143663.html,2022-04-29  
广东省人民政府办公厅关于印发广东省进一步促进消费若干措施的通知,https://mp.weixin.qq.com/s/0Xn20WlAIIWYdcsRTGlxdQ,2022-04-29  
广东省人民政府办公厅关于印发广东金融支持受疫情影响企业纾困和经济稳增长行动方案的通知,https://mp.weixin.qq.com/s/KBJfO8EfRvlKfFKiO1A9dw,2022-04-29  
脱下军装的“环保卫士”叶仕兴： 不改军人本色 守护一方碧水,http://ssthjj.zhuhai.gov.cn/hbxw/content/post_3142360.html,2022-04-29  
市生态环境局开展环境安全百日攻坚专项行动 保障生态环境安全,http://ssthjj.zhuhai.gov.cn/hbxw/content/post_3140681.html,2022-04-29  
严格控制有毒有害物质排放 让群众“吃得放心、住得安心”,http://ssthjj.zhuhai.gov.cn/hbxw/content/post_3140729.html,2022-04-29  
脱下军装的“环保卫士”叶仕兴： 不改军人本色 守护一方碧水,http://ssthjj.zhuhai.gov.cn/hbxw/content/post_3142168.html,2022-04-29  
助力“产业第一”出实招 仅用40天完成土壤污染状况调查,http://ssthjj.zhuhai.gov.cn/hbxw/content/post_3142170.html,2022-04-12  
,http://ssthjj.zhuhai.gov.cn/hbxw/content/post_3140667.html,2022-04-12  
李克强主持召开国务院常务会议 部署进一步抓好春季农业生产的措施等,http://www.gov.cn/premier/2022-04/20/content_5686323.htm,2022-04-12  
关于疫情最新形势、货运物流、春耕生产……这场发布会信息量很大！,http://www.gov.cn/fuwu/2022-04/19/content_5686152.htm,2022-04-12  
市生态环境局万山分局宣教人员谭瑶瑶： 用青春书写生态环境保护新篇章,http://ssthjj.zhuhai.gov.cn/hbxw/content/post_3137473.html,2022-04-12  
上海和吉林疫情仍处于发展状态、三针疫苗接种可有效降低感染奥密克戎后的病死率……权威回应！,http://www.gov.cn/fuwu/2022-04/06/content_5683774.htm,2022-04-12  
3月及1-3月珠海市各监测站点PM10浓度排名出炉 多部门联动应对污染天气,http://ssthjj.zhuhai.gov.cn/hbxw/content/post_3137442.html,2022-04-12  
助力“产业第一” 珠海土壤污染状况调查报告评审提速,http://ssthjj.zhuhai.gov.cn/hbxw/content/post_3137443.html,2022-04-12  
市生态环境局万山分局宣教人员谭瑶瑶： 用青春书写生态环境保护新篇章,http://ssthjj.zhuhai.gov.cn/hbxw/content/post_3137445.html,2022-04-12  
市生态环境局高栏港分局服务“产业第一”大局 主动帮扶为企业排忧解难,http://ssthjj.zhuhai.gov.cn/hbxw/content/post_3137449.html,2022-04-12  
因环境违法被处罚却拒不缴纳罚款 涉案企业遭法院强制执行列入失信名单,http://ssthjj.zhuhai.gov.cn/hbxw/content/post_3137457.html,2022-04-12  
生态环境部门加强督导检查 确保医废处置安全,http://ssthjj.zhuhai.gov.cn/hbxw/content/post_3137461.html,2022-04-12  
上海和吉林疫情仍处于发展状态、三针疫苗接种可有效降低感染奥密克戎后的病死率……权威回应！,http://www.gov.cn/fuwu/2022-04/06/content_5683774.htm,2022-04-12  
市生态环境局部署环境安全百日攻坚行动 有效防范遏制突发环境事件,http://ssthjj.zhuhai.gov.cn/hbxw/content/post_3134128.html,2022-04-12  
前山河“一市一策一专班”工作会议召开 聚焦水质改善 推进重点攻坚,http://ssthjj.zhuhai.gov.cn/hbxw/content/post_3134131.html,2022-04-12  
让“无废”理念深入人心、形成固废管理“特区模式” 我市出台“无废城市”试点方案,http://ssthjj.zhuhai.gov.cn/hbxw/content/post_3134127.html,2022-04-02  
珠海生态文明新媒体创作大赛启动,http://ssthjj.zhuhai.gov.cn/hbxw/content/post_3134129.html,2022-04-02  
市生态环境局斗门分局基层环保人刘本欣： 尽己所能守护好珠澳“大水缸”,http://ssthjj.zhuhai.gov.cn/hbxw/content/post_3134126.html,2022-04-02  
强化监管助力“美丽海湾”建设 市生态环境部门现场检查海天公园沙滩修复工程,http://ssthjj.zhuhai.gov.cn/hbxw/content/post_3134124.html,2022-04-02  
市生态环境局斗门分局基层环保人刘本欣： 尽己所能守护好珠澳“大水缸”,http://ssthjj.zhuhai.gov.cn/hbxw/content/post_3134123.html,2022-04-02  
3月全国本土感染者10万多例、清明节不建议跨省踏青旅行……权威发布！,http://www.gov.cn/fuwu/2022-04/01/content_5683024.htm,2022-04-02  
习近平会见欧洲理事会主席米歇尔和欧盟委员会主席冯德莱恩,http://www.gov.cn/xinwen/2022-04/01/content_5683038.htm,2022-04-02  
大规模留抵退税四月一日起实施,https://wap.peopleapp.com/article/6604435/6481103,2022-04-02  
中共中央政治局常务委员会召开会议 听取“3·21”东航MU5735航空器飞行事故应急处置情况汇报 就做好下一步工作作出部...,http://paper.people.com.cn/rmrb/html/2022-04/01/nw.D110000renmrb_20220401_1-01.htm,2022-04-02  
珠海启动省内首个无人船采样监测规范标准制定 无人船采样监测将有规可依,http://ssthjj.zhuhai.gov.cn/hbxw/content/post_3126939.html,2022-04-02  
2022年广东省环境教育基地开始申报 去年3家申报单位已获批,http://ssthjj.zhuhai.gov.cn/hbxw/content/post_3126940.html,2022-04-02  
坚持“民生为要” 努力解决群众诉求 市生态环境局斗门分局积极保障群众环保权益,http://ssthjj.zhuhai.gov.cn/hbxw/content/post_3126954.html,2022-04-02  
筑牢环境安全防线 确保医疗废物安全有效处置,http://ssthjj.zhuhai.gov.cn/hbxw/content/post_3126945.html,2022-04-02  
深入调查 积极协调 妥善解决引淡渠水质问题,http://ssthjj.zhuhai.gov.cn/hbxw/content/post_3126955.html,2022-04-02  
2021年珠海经济技术开发区空气质量达标率为94.2% 生态环境继续保持向好态势,http://ssthjj.zhuhai.gov.cn/hbxw/content/post_3126956.html,2022-04-02  
市生态环境技术中心宣教工作人员范玉坤： 用心做生态环保理念的传播者,http://ssthjj.zhuhai.gov.cn/hbxw/content/post_3126931.html,2022-03-14  
筑牢医学隔离点环境安全防线，他们严阵以待！,http://ssthjj.zhuhai.gov.cn/hbxw/content/post_3124993.html,2022-03-14  
筑牢医学隔离点环境安全防线，他们严阵以待！,http://ssthjj.zhuhai.gov.cn/hbxw/content/post_3124992.html,2022-03-14  
及时雨！广东推47条措施助服务业困难行业企业纾困,https://static.nfapp.southcn.com/content/202203/25/c6338350.html?colID=0&firstColID=16&appversion=8610,2022-03-14  
“47+32+10”，一文读懂广东助企纾困密码,https://static.nfapp.southcn.com/content/202203/25/c6340115.html?colID=0&firstColID=16&appversion=8610,2022-03-14  
李克强总理出席记者会并回答中外记者提问,http://www.gov.cn/premier/2022-03/11/content_5678618.htm#1,2022-03-14  
东方风来暖人间——习近平“两会时间”让世界理解“中国之治”,http://www.gov.cn/xinwen/2022-03/11/content_5678614.htm,2022-03-14  
新华社受权播发《政府工作报告》,http://www.jjckb.cn/2022-03/12/c_1310511846.htm,2022-03-14  
李克强主持召开国务院常务会 确定《政府工作报告》重点任务分工,http://www.gov.cn/premier/2022-03/14/content_5678988.htm,2022-03-14  
坚持“动态清零”总方针不动摇、这些途径可购买抗原检测试剂……权威回应！,http://cms.zhuhai.gov.cn/editor#/756008/cats/post/add/9450?type=url,2022-03-14  
“十三五”广东省生态环境保护先进工作者刘俊滔：守护生态环境 不忘初心建新功,http://ssthjj.zhuhai.gov.cn/hbxw/content/post_3070963.html,2022-03-14  
执法队员与群众联手出击 “躲猫猫”企业违法排污被逮正着,http://ssthjj.zhuhai.gov.cn/hbxw/content/post_3070911.html,2022-03-14  
前山河“一市一策一专班”工作会议召开 持续深入打好“碧水保卫战”,http://ssthjj.zhuhai.gov.cn/hbxw/content/post_3070900.html,2022-03-14  
加强防疫督导 促进项目投产,http://ssthjj.zhuhai.gov.cn/hbxw/content/post_3070878.html,2022-03-14  
环保服务进园区 助力产业项目落地,http://ssthjj.zhuhai.gov.cn/hbxw/content/post_3070879.html,2022-03-14  
“十三五”广东省生态环境保护先进工作者刘俊滔：守护生态环境 不忘初心建新功,http://ssthjj.zhuhai.gov.cn/hbxw/content/post_3070890.html,2022-02-25  
金湾“企业环保健康码”进入测试阶段 “码”上服务助力“产业第一”,http://ssthjj.zhuhai.gov.cn/hbxw/content/post_3070896.html,2022-02-25  
珠海市生态环境局被授予“十三五”广东省生态环境保护先进集体称号 生态环境保护工作亮点纷呈,http://ssthjj.zhuhai.gov.cn/hbxw/content/post_3070871.html,2022-02-25  
珠海市东部生态环境监测中心党支部书记、主任刘宏： 勇挑重担践行使命与担当,http://ssthjj.zhuhai.gov.cn/hbxw/content/post_3066114.html,2022-02-25  
习近平主持召开中央全面深化改革委员会第二十四次会议强调：加快建设世界一流企业 加强基础学科人才培养,http://www.gov.cn/xinwen/2022-02/28/content_5676110.htm,2022-02-25  
珠海市东部生态环境监测中心党支部书记、主任刘宏： 勇挑重担践行使命与担当,http://ssthjj.zhuhai.gov.cn/hbxw/content/post_3066079.html,2022-02-25  
珠海生态文明高校行动联盟2022年行动项目完成复审,http://ssthjj.zhuhai.gov.cn/hbxw/content/post_3066080.html,2022-02-25  
持续跟进企业整改工作 省级专家现场帮扶企业解技术难题,http://ssthjj.zhuhai.gov.cn/hbxw/content/post_3066076.html,2022-02-25  
科学谋划农村生活污水治理 《珠海市农村生活污水治理巩固提升工作方案（2021-2025年）》通过评审,http://ssthjj.zhuhai.gov.cn/hbxw/content/post_3066075.html,2022-02-25  
《珠海市生态环境保护暨生态文明建设“十四五”规划》解读 加快打造全国生态文明新典范,http://ssthjj.zhuhai.gov.cn/hbxw/content/post_3066073.html,2022-02-25  
新年空气质量实现良好开局 1月珠海市空气质量100%达标,http://ssthjj.zhuhai.gov.cn/hbxw/content/post_3063823.html,2022-02-25  
暖心帮扶 科学指导 助力冷链食品企业筑牢环境安全防线,http://ssthjj.zhuhai.gov.cn/hbxw/content/post_3063804.html,2022-02-25  
珠海30家企业参评省级环境信用评价结果公布  21家绿牌9家蓝牌,http://ssthjj.zhuhai.gov.cn/hbxw/content/post_3063803.html,2022-02-25  
我市总体空气质量持续改善，季节性分布规律较为明显 汽车尾气污染治理如箭在弦,http://ssthjj.zhuhai.gov.cn/hbxw/content/post_3063792.html,2022-02-25  
新年空气质量实现良好开局 1月珠海市空气质量100%达标,http://ssthjj.zhuhai.gov.cn/hbxw/content/post_3063786.html,2022-02-25  
我市海域国控点位水质首次采样监测已完成 多数监测点位无机氮水平好转,http://ssthjj.zhuhai.gov.cn/hbxw/content/post_3063346.html,2022-01-30  
这些小微个体户减免6个月房租、引导外卖等平台下调商户服务费……渡难关，最新安排！,https://mp.weixin.qq.com/s/Gvsb19XQS1U_XUvqyw7UzA,2022-01-30  
共筑“第一安全屏障” 多部门联合检查进口冷链食品集中监管仓,http://ssthjj.zhuhai.gov.cn/hbxw/content/post_3059940.html,2022-01-30  
2021年1月-12月全国168个重点城市环境空气质量排名出炉 珠海全年总体空气质量位列全国第十位,http://ssthjj.zhuhai.gov.cn/hbxw/content/post_3057877.html,2022-01-30  
三方联动现场督查 打好海岛防疫“组合拳”,http://ssthjj.zhuhai.gov.cn/hbxw/content/post_3059924.html,2022-01-30  
共筑“第一安全屏障” 多部门联合检查进口冷链食品集中监管仓,http://ssthjj.zhuhai.gov.cn/hbxw/content/post_3059917.html,2022-01-30  
市生态环境局斗门分局执法人员袁周炎妍：学霸级的“治水”女护卫,http://ssthjj.zhuhai.gov.cn/hbxw/content/post_3059916.html,2022-01-30  
市生态环境局召开党史学习教育总结会议 推动党史学习教育常态化长效化,http://ssthjj.zhuhai.gov.cn/hbxw/content/post_3059914.html,2022-01-30  
1月全市27个监测站点PM10平均浓度排名出炉 东澳站点31微克/立方米居榜首,http://ssthjj.zhuhai.gov.cn/hbxw/content/post_3059907.html,2022-01-30  
李克强主持召开国务院常务会议,http://www.gov.cn/premier/2022-02/15/content_5673780.htm,2022-01-30  
以系统观念推动绿色低碳发展,https://weibo.com/ttarticle/p/show?id=2309404735331323740209,2022-01-30  
市生态环境局会同交警联合查处“黑烟车,http://ssthjj.zhuhai.gov.cn/hbxw/content/post_3057867.html,2022-01-30  
筑牢安全防线，他们依然坚守在隔离酒店,http://ssthjj.zhuhai.gov.cn/hbxw/content/post_3057866.html,2022-01-30  
2021年1月-12月全国168个重点城市环境空气质量排名出炉 珠海全年总体空气质量位列全国第十位,http://ssthjj.zhuhai.gov.cn/hbxw/content/post_3057865.html,2022-01-30  
春节假期珠海空气质量如何？预报来了,https://mp.weixin.qq.com/s/_pR_jDByuPiRrx_EdQ-YuQ,2022-01-30  
市生态环境局金湾分局：持续创新助力扬尘污染防治提质,http://ssthjj.zhuhai.gov.cn/hbxw/content/post_3056068.html,2022-01-06  
2021年我国生态环境领域8项约束性指标顺利完成,https://weibo.com/tv/show/1034:4729854256676946?from=old_pc_videoshow,2022-01-06  
市生态环境局抽查隔离场所问题整改情况 筑牢疫情防控生态环境安全防线,http://ssthjj.zhuhai.gov.cn/hbxw/content/post_3054768.html,2022-01-06  
珠海生态文明高校行动联盟项目推介会召开 十所高校视频直播介绍29个项目,http://ssthjj.zhuhai.gov.cn/hbxw/content/post_3054761.html,2022-01-06  
市生态环境局强化医疗废物收运处置监管 我市涉疫医疗废物“日产日清”,http://ssthjj.zhuhai.gov.cn/hbxw/content/post_3054753.html,2022-01-06  
2021年下半年珠海建设用地土壤污染状况调查报告评审情况发布 4个地块调查报告未通过评审,http://ssthjj.zhuhai.gov.cn/hbxw/content/post_3054756.html,2022-01-06  
市生态环境局抽查隔离场所问题整改情况 筑牢疫情防控生态环境安全防线,http://ssthjj.zhuhai.gov.cn/hbxw/content/post_3054758.html,2022-01-06  
市生态环境局金湾分局： 持续创新助力扬尘污染防治提质,http://ssthjj.zhuhai.gov.cn/hbxw/content/post_3054760.html,2022-01-06  
@珠海人 依法抗疫！一键get这些法律知识！,http://ssthjj.zhuhai.gov.cn/hbxw/content/post_3051996.html,2022-01-06  
珠海市正式启动土壤和地下水环境背景值调查采样,http://ssthjj.zhuhai.gov.cn/hbxw/content/post_3051865.html,2022-01-06  
助力打赢疫情防控阻击战 生态环保铁军义不容辞,https://mp.weixin.qq.com/s/YzVSnuvrEOrCBPKJjoODcw,2022-01-06  
全文 | 生态环境部党组书记孙金龙在2022年全国生态环境保护工作会议上的讲话,https://mp.weixin.qq.com/s/D6QKYz3Yn-Vcz9luIyAiAQ,2022-01-06  
李克强主持召开国务院常务会议,http://www.gov.cn/premier/2022-01/10/content_5667518.htm,2022-01-06  
资源循环 增绿提效,https://weibo.com/ttarticle/p/show?id=2309404722006728769729,2022-01-06  
生态环境部就“十四五”土壤、地下水和农村生态环境保护规划答记者问,https://weibo.com/ttarticle/p/show?id=2309404721927016284576,2022-01-06  
巡察公告,http://ssthjj.zhuhai.gov.cn/hbxw/content/post_3579698.html,2023-08-16  
深化合作交流 共同守护水与海洋环境,http://ssthjj.zhuhai.gov.cn/hbxw/content/post_3586619.html,2023-08-16  
珠海市生态环境局局长张经纬：以“美丽中国”珠海实践持续擦亮城市品牌,https://mp.weixin.qq.com/s/gb9baLtr1YNrEoe38EcuRQ,2023-08-16  
市生态环境局开展节前环境安全督导检查,http://ssthjj.zhuhai.gov.cn/hbxw/content/post_3583296.html,2023-08-16  
“鲸变”海洋湿地艺术节在淇澳岛举行 环保主题系列活动异彩纷呈,http://ssthjj.zhuhai.gov.cn/hbxw/content/post_3581634.html,2023-08-16  
九届市委第四轮第五巡察组巡察市生态环境局党组工作动员会召开,http://ssthjj.zhuhai.gov.cn/hbxw/content/post_3580701.html,2023-08-16  
我市开展排水许可联合督导检查工作指导和帮助企业依法依规有序排水,http://ssthjj.zhuhai.gov.cn/hbxw/content/post_3576640.html,2023-08-16  
市生态环境局高新分局与珠海国际赛车场召开座谈会,https://mp.weixin.qq.com/s/Sx-juojSS0Sv8B6pA7mc-w,2023-08-16  
珠海再动员再部署 巩固城市黑臭水体治理成效,https://mp.weixin.qq.com/s/JAPeVs6UpPoT8qCj4FaT-g,2023-08-16  
珠海市生态环境局诚邀网友建言献策,https://mp.weixin.qq.com/s/Co3JtAcnjahMyXG_26jUAg,2023-08-16  
珠海市近年已完成海岛生态复绿19.6公顷 走进海上“绿美明珠” 感受发展“绿色势能”,http://ssthjj.zhuhai.gov.cn/hbxw/content/post_3569858.html,2023-08-16  
斗门建成水源地高位智能监控系统 22个智能摄像机守护“饮水缸,http://ssthjj.zhuhai.gov.cn/hbxw/content/post_3569852.html,2023-08-16  
打造“美丽中国”珠海实践 推进“无废城市”建设,http://ssthjj.zhuhai.gov.cn/hbxw/content/post_3565622.html,2023-08-16  
珠海举办8·15无废生态主题活动,http://ssthjj.zhuhai.gov.cn/hbxw/content/post_3565588.html,2023-08-16  
习近平在首个全国生态日之际作出重要指示强调 全社会行动起来做绿水青山就是金山银山理念的积极传播者和模范践行者  丁薛祥出...,http://zhuhaidaily.hizh.cn/html/2023-08/16/content_1210_8161220.htm,2023-08-16  
中共中央办公厅 国务院办公厅印发《关于建立领导干部应知应会党内法规和国家法律清单制度的意见》,https://mp.weixin.qq.com/s/E7k_0Vjjm6fYfmXr55VSOQ,2023-06-29  
百名亲子参与我市“无废城市”宣传活动 了解环保知识 共建绿色珠海,http://ssthjj.zhuhai.gov.cn/hbxw/content/post_3563042.html,2023-06-29  
“美丽中国”珠海实践向深向实 累计完成投资逾115亿元,http://ssthjj.zhuhai.gov.cn/hbxw/content/post_3558388.html,2023-06-29  
黄志豪主持召开市政府常务会议 认真学习贯彻习近平总书记重要讲话精神 奋力打造美丽中国生态典范,http://ssthjj.zhuhai.gov.cn/hbxw/content/post_3558386.html,2023-06-29  
推动绿色低碳发展 高质量建设美丽珠海,http://ssthjj.zhuhai.gov.cn/hbxw/content/post_3555452.html,2023-06-29  
情侣路周边海水为何泛黄？,http://ssthjj.zhuhai.gov.cn/hbxw/content/post_3555450.html,2023-06-29  
珠海通报上半年全市环境质量状况 11个主要集中式饮用水源水质达标率保持100%,http://ssthjj.zhuhai.gov.cn/hbxw/content/post_3555449.html,2023-06-29  
上半年全国168个城市空气质量排名出炉  珠海排名上升至第六位,http://ssthjj.zhuhai.gov.cn/hbxw/content/post_3552568.html,2023-06-29  
珠海排名第六！上半年市空气质量排名出炉,https://mp.weixin.qq.com/s/wmCoBRXt1XC9vhpDWFvr5Q,2023-06-29  
环保课堂进校园 与自然“童”行,https://mp.weixin.qq.com/s/Oifyg3OaFwc7bOrkoNUf9A,2023-06-29  
既有理论高度，又有全局视野！第三十期“生态环境双周论坛”很有料,https://mp.weixin.qq.com/s/sAilp9SgOMz7l7FJl8dmHg,2023-06-29  
排查监测隐患 保障监测质量,https://mp.weixin.qq.com/s?__biz=MzAwMjQyNTE1OQ==&mid=2652214189&idx=5&sn=5bce70be8a6d570506c63f38818b73b3&chksm=812b9b85b65c12939e96da36b89a169e6111da3d56694a1129f211936d0a6eca7bdd6ac2eb11&scene=126&sessionid=1688435296#rd,2023-06-29  
提高自行监测能力 68家高新区企业线上“充电”,https://mp.weixin.qq.com/s/Go-imHeOFDuAtBafRcFqfg,2023-06-29  
提质增效齐共建 深耕珠海“无废”路,https://mp.weixin.qq.com/s?__biz=MzAwMjQyNTE1OQ==&mid=2652214189&idx=3&sn=771ca5ec3b3372f9c31dd73939e0e5d6&chksm=812b9b85b65c129338927ff26344e5820adb2f5a529e3b2a493d9cfb257002f8e3203f6f6355&scene=126&sessionid=1688435296#rd,2023-06-29  
一线监测人员分享《我们的青春》,https://mp.weixin.qq.com/s/UPeZb-qC704lj0tEOmRFAw,2023-06-29  
潮起最美海岸线 感受经济特区的“绿色势能”,https://mp.weixin.qq.com/s/Lghpj9461GzToI7N8Uy9vw,2023-06-19  
赋能基层 深入推进“无废城市”细胞建设,https://mp.weixin.qq.com/s/_F-BVtJd97n-IBaATXuDqg,2023-06-19  
聆听鸟儿故事 观赏飞羽世界,https://mp.weixin.qq.com/s/rskROYpLUU8kJDet2kImIQ,2023-06-19  
第十五期“我为生态珠海”代言人亮相（上）,https://mp.weixin.qq.com/s/v5guXIxDPe6yt6fkm5JC2g,2023-06-19  
闻“汛”而动 织密汛期应急监测“防御网”,https://mp.weixin.qq.com/s?__biz=MzAwMjQyNTE1OQ==&mid=2652213926&idx=3&sn=55113327df76c2159b3e029db9a573e4&chksm=812b9a8eb65c1398503c134f30aeedda861d917b68cdff94133b0744bc28e5abb8d8383f401e&scene=126&sessionid=1687830573#rd,2023-06-19  
守护珠海好空气 特邀行家“把诊问脉”,https://mp.weixin.qq.com/s?__biz=MzAwMjQyNTE1OQ==&mid=2652213926&idx=2&sn=21879c90b579f5a919158dfaa4d8fcaf&chksm=812b9a8eb65c139831a2f99525d08e9a61731c911648ff3280f11ca6052823c2664a26c93716&scene=126&sessionid=1687830573#rd,2023-06-19  
让“生态之花”在童心绽放,https://mp.weixin.qq.com/s/Gyx7U4VGyOaCfcRk_Seilg,2023-06-19  
珠海市2023年5月及1-5月PM10浓度排名出炉,https://mp.weixin.qq.com/s?__biz=MzAwMjQyNTE1OQ==&mid=2652213885&idx=2&sn=544611b77ad01278b8de6f9112249b9c&chksm=812b9a55b65c1343d5323e8f19e76d1ecc5658dca452d8f023f74291f1facfbf86ed63097df2&scene=126&sessionid=1687830573#rd,2023-06-19  
入河入海排污口溯源整治！斗门区召开整治工作推进会议,https://mp.weixin.qq.com/s?__biz=MzAwMjQyNTE1OQ==&mid=2652213885&idx=3&sn=61c3fbcf4833e49fe775e979bd7a4bfc&chksm=812b9a55b65c1343326ac4badbcabd39b932c13f931f1b32e80776e45466c9066a0dea9d98e8&scene=126&sessionid=1687830573#rd,2023-06-19  
珠海全国第四！空气质量最新排名来了,https://mp.weixin.qq.com/s/e3sqtjDrLitaPJWYV8pQkA,2023-06-19  
安全宣传进社区 营造安全好氛围,https://mp.weixin.qq.com/s/fUi7ueH_ZIGnFUQ6yPlDdg,2023-06-19  
为企业环保负责人全面赋能 市生态环境局金湾分局开展系列专题培训→,https://mp.weixin.qq.com/s/B41X6qs2IKnza-HRXFB9FA,2023-06-19  
新修订的噪声污染防治法实施以来珠海查处首例工业噪声超标案,http://ssthjj.zhuhai.gov.cn/hbxw/content/post_3544667.html,2023-06-19  
【以案明法】罚款2.4万！珠海查处全市首例工业噪声超标案,https://mp.weixin.qq.com/s/En6Ofu1CosJlJhu9PB2-TQ,2023-06-19  
珠三角生态环境保护监察专员办公室到珠海高新区开展监察,https://mp.weixin.qq.com/s/YiOg9ELnVz7-9W6G4n_cnQ,2023-06-19  
绿美珠海生态建设进展如何？“成绩单”揭晓,http://ssthjj.zhuhai.gov.cn/hbxw/content/post_3544676.html,2023-05-04  
守护碧水蓝天 筑牢生态根基 金湾区大力推动生态环境保护为产业高质量发展“腾空间”,http://ssthjj.zhuhai.gov.cn/hbxw/content/post_3539390.html,2023-05-04  
市检察院召开“生态检察助力美丽珠海建设”主题新闻发布会  依法严惩环境资源犯罪 全面推进环境公益诉讼,http://ssthjj.zhuhai.gov.cn/hbxw/content/post_3539387.html,2023-05-04  
全国首批“和美海岛”评选结果揭晓 我市4个海岛获“和美海岛”称号,http://ssthjj.zhuhai.gov.cn/hbxw/content/post_3539383.html,2023-05-04  
一体推进植绿护绿 积极培育“海上森林”金湾区持续奏响绿美发展“协奏曲”,http://ssthjj.zhuhai.gov.cn/hbxw/content/post_3544661.html,2023-05-04  
珠澳携手举办世界环境日主题活动 市民代表走进“生态珠海”,http://ssthjj.zhuhai.gov.cn/hbxw/content/post_3537130.html,2023-05-04  
珠海市生态文明建设满意度和参与度公众评价线上调查,http://ssthjj.zhuhai.gov.cn/hbxw/content/post_3536903.html,2023-05-04  
期待您的参与！广东省环境教育课题研究申报开始啦！,https://mp.weixin.qq.com/s/jqQTTDVBL3zEr5ZbLN5xmw,2023-05-04  
【世界环境日】快来报名！珠海5家环保设施单位邀您来打卡，一起“涨姿势”！,https://mp.weixin.qq.com/s/YQMn8wk-Ruc_Lku7uCjBgQ,2023-05-04  
50余名中小学生及家长走进凤凰山谷开展昆虫多样性调查,http://ssthjj.zhuhai.gov.cn/hbxw/content/post_3531838.html,2023-05-04  
静音护考 他们为考生筑“隔音墙”,http://ssthjj.zhuhai.gov.cn/hbxw/content/post_3528972.html,2023-05-04  
等你来选！2023年珠海市生态调研大赛网络投票通道零点开启,https://mp.weixin.qq.com/s/y4LUDdp_HblwkoAVItW41g,2023-05-04  
规范“人间烟火气” 营造生态文明风,https://mp.weixin.qq.com/s/eEhKhf2P1i5xnUEa4vtxSQ,2023-05-04  
事关珠海空气质量保护！这份问卷期待您的参与,https://mp.weixin.qq.com/s/_Cj3hYgHZp9vWvp4BcBvLg,2023-05-04  
又帅有飒！珠海青年环保人，MV亮相！,https://mp.weixin.qq.com/s/AN1Tpv5HppCkLEAb8Obj7Q,2023-05-04  
@珠海高校师生 报名即将截止！2023年珠海市生态调研大赛进行ing,https://mp.weixin.qq.com/s/cHj1hy8GSCoZI_4tXkdqxw,2023-03-15  
弘扬特色生态文化 携手共创绿美珠海,http://ssthjj.zhuhai.gov.cn/hbxw/content/post_3518526.html,2023-03-15  
“美丽中国”珠海实践项目有序推进 全市入库项目已达203个,http://ssthjj.zhuhai.gov.cn/hbxw/content/post_3544695.html,2023-03-15  
我市拟修订《绿色建筑管理办法》多项举措在全省首开先河,http://ssthjj.zhuhai.gov.cn/hbxw/content/post_3544686.html,2023-03-15  
327家！2023年珠海市环境监管重点单位名录公布,https://mp.weixin.qq.com/s/pYev1MnkR2Gnipfcm18QKA,2023-03-15  
市生态环境局金湾分局召开2023年生态环境保护工作会议,https://mp.weixin.qq.com/s?__biz=MzAwMjQyNTE1OQ==&mid=2652210683&idx=2&sn=4a94b1895016695c26ca1cfe40150337&chksm=812b8dd3b65c04c5883ca4181b799ffe50ed8e6736f975048767367d884bbbcd8c57139a7c88&scene=126&sessionid=1681271571#rd,2023-03-15  
无人机采集水样 当场出具监测结果 我市开展突发环境事件应急监测演练,http://ssthjj.zhuhai.gov.cn/hbxw/content/post_3512112.html,2023-03-15  
我市印发首份“绿美珠海”建设林长令以“三全”力度推深做实“绿美珠海”,http://ssthjj.zhuhai.gov.cn/hbxw/content/post_3544684.html,2023-03-15  
粤闽双城记——生态文明建设的特区示范,http://ssthjj.zhuhai.gov.cn/hbxw/content/post_3544680.html,2023-03-15  
我国将建设3800多个噪声自动监测站点（央视《新闻联播》）,https://weibo.com/tv/show/1034:4876238179991658?mid=4876238844332476,2023-03-15  
重金属超标问题如何解？看珠海出妙招,http://ssthjj.zhuhai.gov.cn/hbxw/content/post_3506540.html,2023-03-15  
专家解读 | 聚焦矛盾 挖掘潜力 构建区域再生水循环利用体系,https://weibo.com/ttarticle/p/show?id=2309404882127513846151,2023-03-15  
珠海位列第8！1-2月全国环境空气质量状况公,http://ssthjj.zhuhai.gov.cn/hbxw/content/post_3502484.html,2023-03-15  
李强主持召开国务院常务会议 研究国务院机构设置有关工作 讨论《国务院工作规则（修订稿）》 新一届国务院开始全面履职,http://www.gov.cn/zongli/2023-03/14/content_5746671.htm,2023-03-15  
跟着总书记上两会 绿色动能助力高质量发展（央视《焦点访谈》）,https://weibo.com/tv/show/1034:4879307106091229?from=old_pc_videoshow,2023-03-15  
200多名环保志愿者挥锹播种， 在淇澳岛种下红树苗,http://ssthjj.zhuhai.gov.cn/hbxw/content/post_3496211.html,2023-01-20  
雷锋精神滋养城市 文明之花绽放光彩 齐心协力将珠海打造成 温暖有爱“志愿之城”,http://ssthjj.zhuhai.gov.cn/hbxw/content/post_3496210.html,2023-01-20  
1月全国空气质量珠海排名位居第六,http://ssthjj.zhuhai.gov.cn/hbxw/content/post_3491700.html,2023-01-20  
中共中央举行民主协商会 习近平主持并发表重要讲话,https://weibo.com/ttarticle/p/show?id=2309404874221179503061,2023-01-20  
违法排放废水污染环境　金湾区一企业被执法部门查处,http://ssthjj.zhuhai.gov.cn/hbxw/content/post_3488808.html,2023-01-20  
一货船停靠水源保护区，珠海生态环境执法人员火速行动,http://ssthjj.zhuhai.gov.cn/hbxw/content/post_3488801.html,2023-01-20  
【服务高质量发展】面对面帮扶服务！广东各地帮企业“克难”、为发展“加分”,https://mp.weixin.qq.com/s/Gcbn7ssBRyCjpP3Sc4ZCgw,2023-01-20  
开启中国式现代化的新长征,https://weibo.com/ttarticle/p/show?id=2309404868359765229641,2023-01-20  
珠海2022年环境空气质量位居全国第13位,http://ssthjj.zhuhai.gov.cn/hbxw/content/post_3485904.html,2023-01-20  
1月珠海PM10平均浓度43微克/立方米 较往年同期下降了6微克/立方米,http://ssthjj.zhuhai.gov.cn/hbxw/content/post_3485898.html,2023-01-20  
生态环境部水生态环境司有关负责人就《关于贯彻落实〈国务院办公厅关于加强入河入海排污口监督管理工作的实施意见〉的通知》答记...,https://mp.weixin.qq.com/s/cU6hrWlocYXPo1u7hYlpMQ,2023-01-20  
一图读懂 |《关于贯彻落实〈国务院办公厅关于加强入河入海排污口监督管理工作的实施意见〉的通知》,http://ssthjj.zhuhai.gov.cn/hbxw/content/post_3481584.html,2023-01-20  
我市发布关于燃气锅炉执行大气污染物特别排放限值的通告,http://ssthjj.zhuhai.gov.cn/hbxw/content/post_3481581.html,2023-01-20  
春节期间疫情防控工作怎么做？来看今天的发布会！,http://www.gov.cn/fuwu/2023-01/19/content_5738095.htm,2023-01-20  
环境新闻速览 | 生态环境部将强化环评服务保障助力重大项目落地,https://weibo.com/ttarticle/p/show?id=2309404859382880927995,2023-01-20  
“美丽中国”珠海实践进展如何？这场发布会有新通报,http://ssthjj.zhuhai.gov.cn/hbxw/content/post_3479544.html,2022-12-21  
全省典范！珠海市生态环境局获表扬,https://mp.weixin.qq.com/s/DipPZrmAGYQLUeCL0ZXegg,2022-12-21  
筑牢安全生产防线 市生态环境局组织开展节前安全生产检查,https://mp.weixin.qq.com/s/VqiKCJNNG_13poNmXEWx2Q,2022-12-21  
亮眼！打造“美丽中国”珠海实践，珠海交出这份成绩单！,http://ssthjj.zhuhai.gov.cn/hbxw/content/post_3479535.html,2022-12-21  
“美丽中国”珠海实践进展如何？这场发布会有新通报,http://ssthjj.zhuhai.gov.cn/hbxw/content/post_3479528.html,2022-12-21  
生态环境部就《重点管控新污染物清单（2023年版）》答记者问,https://weibo.com/ttarticle/p/show?id=2309404857433444188187,2022-12-21  
全省首个！计划投500亿！珠海就这项重磅工作出台5年方案,https://m.mp.oeeee.com/a/BAAFRD000020230113756972.html,2022-12-21  
珠海市全年PM10浓度排名出炉 全市平均浓度为2013年以来最优水平,http://ssthjj.zhuhai.gov.cn/hbxw/content/post_3477163.html,2022-12-21  
深化模范机关创建 打造“美丽中国”珠海实践,http://ssthjj.zhuhai.gov.cn/hbxw/content/post_3477148.html,2022-12-21  
珠海市全年PM10浓度排名出炉 全市平均浓度为2013年以来最优水平,http://ssthjj.zhuhai.gov.cn/hbxw/content/post_3477144.html,2022-12-21  
全国碳市场运行框架基本建立（人民日报）,http://ssthjj.zhuhai.gov.cn/hbxw/content/post_3473037.html,2022-12-21  
对白色污染说不，珠海市多部门开展联合检查,http://ssthjj.zhuhai.gov.cn/hbxw/content/post_3473035.html,2022-12-21  
争创巾帼文明岗，一起来为她们打call吧！,https://mp.weixin.qq.com/s/8q8DFxC0YihIm4YoO0KVCA,2022-12-21  
打造“美丽中国”珠海实践 建设生态文明新典范样板城市,https://mp.weixin.qq.com/s/zQB__jJRpf4FHDihNrRk5g,2022-12-21  
超高清画面！广东南岭首次拍到野生黑熊一家三口,https://weibo.com/tv/show/1034:4846970968408074?from=old_pc_videoshow,2022-12-21  
珠海市11月及1-11月PM10浓度排名出炉 全部优于一级标准,http://ssthjj.zhuhai.gov.cn/hbxw/content/post_3469558.html,2022-11-21  
《珠海市人民政府关于燃气锅炉执行大气污染物特别排放限值的通告》将印发实施减少污染物排放 持续改善空气质量,http://ssthjj.zhuhai.gov.cn/hbxw/content/post_3469555.html,2022-11-21  
珠海市11月及1-11月PM10浓度排名出炉 全部优于一级标准,http://ssthjj.zhuhai.gov.cn/hbxw/content/post_3469554.html,2022-11-21  
聚焦COP15-2 | 与会各方应建立具备执行力的保护框架（央视《新闻直播间》）,https://weibo.com/tv/show/1034:4844140278775847?from=old_pc_videoshow,2022-11-21  
深切缅怀 继承遗志 团结奋斗,http://ssthjj.zhuhai.gov.cn/hbxw/content/post_3461570.html,2022-11-21  
市人大常委会举办“珠海人大学堂”专题讲座,http://ssthjj.zhuhai.gov.cn/hbxw/content/post_3461568.html,2022-11-21  
告全党全军全国各族人民书,http://ssthjj.zhuhai.gov.cn/hbxw/content/post_3458900.html,2022-11-21  
非道路移动机械第四阶段排放标准实施进入倒计时,https://weibo.com/ttarticle/p/show?id=2309404841216645661077,2022-11-21  
市生态环境局局长张经纬：奋力打造生态文明新典范样板城市,http://ssthjj.zhuhai.gov.cn/hbxw/content/post_3458178.html,2022-11-21  
将危险废物交无证经营者处置 珠海一公司因违法被罚款83万元,http://ssthjj.zhuhai.gov.cn/hbxw/content/post_3458170.html,2022-11-21  
市生态环境局局长张经纬：奋力打造生态文明新典范样板城市,http://ssthjj.zhuhai.gov.cn/hbxw/content/post_3458171.html,2022-11-21  
斗门一洗砂场非法洗砂，环保执法人员出动无人机抓现行,http://ssthjj.zhuhai.gov.cn/hbxw/content/post_3458175.html,2022-11-21  
切实履行生态环境保护职责 不断开创新时代美丽中国建设新局面,https://weibo.com/ttarticle/p/show?id=2309404838212630872327,2022-11-21  
10所高校13个项目顺利开展并取得明显成效 共同为生态珠海建设赋能,http://ssthjj.zhuhai.gov.cn/hbxw/content/post_3454334.html,2022-11-21  
市固废中心与UIC师生开展实践活动 让学生实地了解固废处理过程,http://ssthjj.zhuhai.gov.cn/hbxw/content/post_3454326.html,2022-11-21  
为美丽中国建设营造良好社会氛围,https://weibo.com/ttarticle/x/m/show/id/2309404834362255606546?_wb_client_=1,2022-10-12  
市生态环境局香洲分局开展疫情防控医疗废物专项督导,http://ssthjj.zhuhai.gov.cn/hbxw/content/post_3450484.html,2022-10-12  
《珠海市“十四五”重金属污染防治实施方案》将出台强化重金属污染管控 切实维护生态环境安全,http://ssthjj.zhuhai.gov.cn/hbxw/content/post_3450478.html,2022-10-12  
我市多部门联合开展近岸海域污染防治执法行动 未发现有污染海洋环境行为,http://ssthjj.zhuhai.gov.cn/hbxw/content/post_3445163.html,2022-10-12  
全市生态环境执法比武活动举行 练兵强技能 竞赛铸铁军,http://ssthjj.zhuhai.gov.cn/hbxw/content/post_3445159.html,2022-10-12  
生态环境部答封面新闻：启动一年多的全国碳市场怎么样了？,https://weibo.com/ttarticle/p/show?id=2309404829570158428460,2022-10-12  
市生态环境局香洲分局开展环保知识讲座 面对面教汽修企业落实环保措施,http://ssthjj.zhuhai.gov.cn/hbxw/content/post_3444051.html,2022-10-12  
珠海1-9月PM10平均浓度排名出炉 全部监测站点均优于国家一级标准,http://ssthjj.zhuhai.gov.cn/hbxw/content/post_3444050.html,2022-10-12  
市生态环境局香洲分局开展环保知识讲座 面对面教汽修企业落实环保措施,http://ssthjj.zhuhai.gov.cn/hbxw/content/post_3444037.html,2022-10-12  
不负使命担当 忠实履职为民,https://weibo.com/ttarticle/p/show?id=2309404826300992061473,2022-10-12  
建设人与自然和谐共生的现代化（人民日报）,https://weibo.com/ttarticle/p/show?id=2309404826300203532607,2022-10-12  
珠海市生态环境局巩固提升生态环境质量，打造“美丽中国”珠海实践 厚植生态优势 坚持绿色发展,http://ssthjj.zhuhai.gov.cn/hbxw/content/post_3440258.html,2022-10-12  
2022年生态珠海文化创意 产品大赛网络投票开启 获奖作品最高奖2000元,http://ssthjj.zhuhai.gov.cn/hbxw/content/post_3440222.html,2022-10-12  
黄志豪主持召开市政府常务会议 研究部署我市乡村振兴和生态环境保护工作,http://ssthjj.zhuhai.gov.cn/hbxw/content/post_3440224.html,2022-10-12  
油气超标排放？应急监测迅速到场为环境安全保驾护航,http://ssthjj.zhuhai.gov.cn/hbxw/content/post_3437613.html,2022-10-12  
非凡十年·广东答卷丨广东生态文明建设成绩斐然,https://mp.weixin.qq.com/s/HPXxH8lo9seMu40dzChiHQ,2022-08-22  
我市新增两家小微企业危险废物收集试点单位 进一步缓解危险废物处置难问题,http://ssthjj.zhuhai.gov.cn/hbxw/content/post_3437603.html,2022-08-22  
生态环境部印发生态环境执法执勤车辆标识,https://weibo.com/ttarticle/p/show?id=2309404818618688077968,2022-08-22  
积极应对臭氧污染天气 他们在行动！,http://ssthjj.zhuhai.gov.cn/hbxw/content/post_3433111.html,2022-08-22  
打造生态价值新高地 金湾区出台《生态环境保护“十四五”规划》,http://ssthjj.zhuhai.gov.cn/hbxw/content/post_3433110.html,2022-08-22  
李克强主持召开国务院常务会议 决定进一步延长制造业缓税补缴期限 加力助企纾困等,http://ssthjj.zhuhai.gov.cn/hbxw/content/post_3428178.html,2022-08-22  
做好“守夜人” 让城市环境更美好,http://ssthjj.zhuhai.gov.cn/hbxw/content/post_3427417.html,2022-08-22  
做好“守夜人” 让城市环境更美好,http://ssthjj.zhuhai.gov.cn/hbxw/content/post_3427397.html,2022-08-22  
8月全市PM10平均浓度15微克/立方米 珠海空气质量进一步提升,http://ssthjj.zhuhai.gov.cn/hbxw/content/post_3427388.html,2022-08-22  
珠海多部门开展联合监督检查行动 为辐射安全戴上“金钟罩”,http://ssthjj.zhuhai.gov.cn/hbxw/content/post_3423577.html,2022-08-22  
珠海多部门开展联合监督检查行动 为辐射安全戴上“金钟罩”,http://ssthjj.zhuhai.gov.cn/hbxw/content/post_3423569.html,2022-08-22  
李克强主持召开国务院常务会议 听取稳住经济大盘督导和服务工作汇报等,http://ssthjj.zhuhai.gov.cn/hbxw/content/post_3422674.html,2022-08-22  
市生态环境局斗门分局志愿服务队开展环保宣传活动 积极倡导绿色低碳生活方式,http://ssthjj.zhuhai.gov.cn/hbxw/content/post_3417427.html,2022-08-22  
李克强主持召开国务院常务会议 部署推动降低企业融资成本和个人消费信贷成本的措施 加大金融支持实体经济力度等,http://www.gov.cn/premier/2022-08/19/content_5706108.htm,2022-08-22  
市生态环境局斗门分局志愿服务队开展环保宣传活动 积极倡导绿色低碳生活方式,http://ssthjj.zhuhai.gov.cn/hbxw/content/post_3417401.html,2022-08-22  
上半年建设用地土壤污染状况调查报告评审情况公布,http://ssthjj.zhuhai.gov.cn/hbxw/content/post_3417403.html,2022-07-18  
李克强在广东考察：在改革开放上勇于探索 为稳经济促发展注入新动力,http://ssthjj.zhuhai.gov.cn/hbxw/content/post_3416059.html,2022-07-18  
李克强主持召开经济大省政府主要负责人经济形势座谈会,http://ssthjj.zhuhai.gov.cn/hbxw/content/post_3415466.html,2022-07-18  
生态环境部发布8月下半月全国空气质量预报会商结果,https://weibo.com/ttarticle/p/show?id=2309404802790685016298,2022-07-18  
上月珠海全市PM10平均浓度为18微克/立方米 全部监测点数值优于国家一级标准,http://ssthjj.zhuhai.gov.cn/hbxw/content/post_3414573.html,2022-07-18  
上半年全市环境质量总体良好 空气质量保持全国重点城市前列,http://ssthjj.zhuhai.gov.cn/hbxw/content/post_3408593.html,2022-07-18  
市生态环境局金湾分局联合检测机构“入户体检”查尾气 助力空气质量持续提升,http://ssthjj.zhuhai.gov.cn/hbxw/content/post_3414564.html,2022-07-18  
上月珠海全市PM10平均浓度为18微克/立方米 全部监测点数值优于国家一级标准,http://ssthjj.zhuhai.gov.cn/hbxw/content/post_3414570.html,2022-07-18  
上半年全市环境质量总体良好 空气质量保持全国重点城市前列,http://ssthjj.zhuhai.gov.cn/hbxw/content/post_3408546.html,2022-07-18  
取消和调整一批罚款事项、进一步规范行政裁量权……这场吹风会信息量很大！,http://www.gov.cn/fuwu/2022-07/29/content_5703469.htm,2022-07-18  
“火眼金睛”查水质污染 珠海市首个地表水环境自动值守系统投入应用,http://ssthjj.zhuhai.gov.cn/hbxw/content/post_3395941.html,2022-07-18  
《珠海市水生态环境保护“十四五”规划》印发,http://ssthjj.zhuhai.gov.cn/hbxw/content/post_3395868.html,2022-07-18  
“火眼金睛”查水质污染 珠海市首个地表水环境自动值守系统投入应用,http://ssthjj.zhuhai.gov.cn/hbxw/content/post_3395870.html,2022-07-18  
举报生态环境违法行为有奖 《奖励办法》自7月31日起实施,http://ssthjj.zhuhai.gov.cn/hbxw/content/post_3395931.html,2022-07-18  
6月珠海空气质量整月“全优”,http://ssthjj.zhuhai.gov.cn/hbxw/content/post_3317669.html,2022-07-18  
习近平在新疆考察时强调：完整准确贯彻新时代党的治疆方略 建设团结和谐繁荣富裕文明进步安居乐业生态良好的美好新疆,http://www.gov.cn/xinwen/2022-07/15/content_5701239.htm,2022-06-17  
6月珠海空气质量整月“全优”,http://ssthjj.zhuhai.gov.cn/hbxw/content/post_3317664.html,2022-06-17  
AI技术助力环保监管 “智慧眼”进一步保障水环境安全,http://ssthjj.zhuhai.gov.cn/hbxw/content/post_3317613.html,2022-06-17  
全市6月及1-6月PM10浓度排名出炉 所有监测点均优于国家一级标准,http://ssthjj.zhuhai.gov.cn/hbxw/content/post_3313546.html,2022-06-17  
李克强主持召开东南沿海省份政府主要负责人经济形势座谈会,http://www.gov.cn/premier/2022-07/07/content_5699817.htm,2022-06-17  
业主放任承租方非法堆放建筑垃圾 被判共同违法并处罚款20万元,http://ssthjj.zhuhai.gov.cn/hbxw/content/post_3313534.html,2022-06-17  
市将出台《珠海市水生态环境保护“十四五”规划》和《珠海市海洋生态环境保护“十四五”规划》,http://ssthjj.zhuhai.gov.cn/hbxw/content/post_3313535.html,2022-06-17  
习近平在湖北武汉考察时强调：把科技的命脉牢牢掌握在自己手中 不断提升我国发展独立性自主性安全性,http://www.gov.cn/xinwen/2022-06/29/content_5698391.htm,2022-06-17  
环保小卫士“海小贝”来啦！ “绿色珠海 你我同行”IP设计大赛落幕,http://ssthjj.zhuhai.gov.cn/hbxw/content/post_3309844.html,2022-06-17  
环保小卫士“海小贝”来啦！ “绿色珠海 你我同行”IP设计大赛落幕,http://ssthjj.zhuhai.gov.cn/hbxw/content/post_3309842.html,2022-06-17  
生态环境监测技术人员练兵比武活动珠海赛区预赛启动,http://ssthjj.zhuhai.gov.cn/hbxw/content/post_3306606.html,2022-06-17  
生态环境监测技术人员练兵比武活动珠海赛区预赛启动,http://ssthjj.zhuhai.gov.cn/hbxw/content/post_3306605.html,2022-06-17  
李克强主持召开国务院常务会议 部署继续做好防汛救灾工作 切实保障人民群众生命财产安全,http://ssthjj.zhuhai.gov.cn/hbxw/content/post_3306514.html,2022-06-17  
生态环境部等7部门联合印发《减污降碳协同增效实施方案》,https://weibo.com/ttarticle/p/show?id=2309404781398652486127,2022-06-17  
生态环境宣传活动走进斗门区五山中心小学 小学生在互动中传递环保理念,http://ssthjj.zhuhai.gov.cn/hbxw/content/post_3303791.html,2022-06-17  
落实“双碳”行动 共建美丽家园  我市开展“全国节能宣传周”系列活动,http://ssthjj.zhuhai.gov.cn/hbxw/content/post_3303779.html,2022-05-13  
生态环境宣传活动走进斗门区五山中心小学 小学生在互动中传递环保理念,http://ssthjj.zhuhai.gov.cn/hbxw/content/post_3303773.html,2022-05-13  
省生态环境厅党组书记徐晓霞调研珠海市生态环境保护工作,http://ssthjj.zhuhai.gov.cn/hbxw/content/post_3302304.html,2022-05-13  
“努力建设人与自然和谐共生的现代化”,http://ssthjj.zhuhai.gov.cn/hbxw/content/post_3300517.html,2022-05-13  
共建清洁美丽世界 我市举行六五世界环境日主题活动,http://ssthjj.zhuhai.gov.cn/hbxw/content/post_3300516.html,2022-05-13  
共建清洁美丽世界 我市举行六五世界环境日主题活动,http://ssthjj.zhuhai.gov.cn/hbxw/content/post_3300514.html,2022-05-13  
生态环境部发布3项国家生态环境标准,https://weibo.com/ttarticle/p/show?id=2309404770169565348479,2022-05-13  
第二期“生态珠海实践教育课堂”开讲 展示一滴水的“前世今生”,http://ssthjj.zhuhai.gov.cn/hbxw/content/post_3190572.html,2022-05-13  
第二期“生态珠海实践教育课堂”开讲 展示一滴水的“前世今生”,http://ssthjj.zhuhai.gov.cn/hbxw/content/post_3190567.html,2022-05-13  
私设暗管偷排废水 珠海一企业被处罚款30万元,http://ssthjj.zhuhai.gov.cn/hbxw/content/post_3190565.html,2022-05-13  
“瞒天过海”将洗砂废水直排黄杨河,http://ssthjj.zhuhai.gov.cn/hbxw/content/post_3151960.html,2022-05-13  
“瞒天过海”将洗砂废水直排黄杨河,http://ssthjj.zhuhai.gov.cn/hbxw/content/post_3151947.html,2022-05-13  
珠海市生态环境科技促进会成立,http://ssthjj.zhuhai.gov.cn/hbxw/content/post_3151951.html,2022-05-13  
“中国这十年”系列主题新闻发布会在京举行,https://weibo.com/ttarticle/p/show?id=2309404768392904310925,2022-05-13  
珠海27个监测站点4月及1-4月PM10浓度排名出炉 全市PM10平均浓度优于一级标准,http://ssthjj.zhuhai.gov.cn/hbxw/content/post_3148082.html,2022-05-13  
珠海27个监测站点4月及1-4月PM10浓度排名出炉 全市PM10平均浓度优于一级标准,http://ssthjj.zhuhai.gov.cn/hbxw/content/post_3147742.html,2022-04-29  
通过暗管偷排废水入排洪渠 一无名洗砂场被查封,http://ssthjj.zhuhai.gov.cn/hbxw/content/post_3147743.html,2022-04-29  
中共中央政治局常务委员会召开会议,http://t.cn/A6XUbqFA,2022-04-29  
“鸟叔”梁华坤深耕荒滩十三载 育鸟逾百万只,http://ssthjj.zhuhai.gov.cn/hbxw/content/post_3143681.html,2022-04-29  
珠海一环境监测机构监测数据失实被处罚款4万元,http://ssthjj.zhuhai.gov.cn/hbxw/content/post_3143669.html,2022-04-29  
主动靠前服务 助力重点项目落地,http://ssthjj.zhuhai.gov.cn/hbxw/content/post_3143670.html,2022-04-29  
我市稳步推进土壤和地下水环境背景值调查,http://ssthjj.zhuhai.gov.cn/hbxw/content/post_3143672.html,2022-04-29  
幼儿园小朋友变身环保“技术员”,http://ssthjj.zhuhai.gov.cn/hbxw/content/post_3143673.html,2022-04-29  
“鸟叔”梁华坤深耕荒滩十三载 育鸟逾百万只,http://ssthjj.zhuhai.gov.cn/hbxw/content/post_3143663.html,2022-04-29  
广东省人民政府办公厅关于印发广东省进一步促进消费若干措施的通知,https://mp.weixin.qq.com/s/0Xn20WlAIIWYdcsRTGlxdQ,2022-04-29  
广东省人民政府办公厅关于印发广东金融支持受疫情影响企业纾困和经济稳增长行动方案的通知,https://mp.weixin.qq.com/s/KBJfO8EfRvlKfFKiO1A9dw,2022-04-29  
脱下军装的“环保卫士”叶仕兴： 不改军人本色 守护一方碧水,http://ssthjj.zhuhai.gov.cn/hbxw/content/post_3142360.html,2022-04-29  
市生态环境局开展环境安全百日攻坚专项行动 保障生态环境安全,http://ssthjj.zhuhai.gov.cn/hbxw/content/post_3140681.html,2022-04-29  
严格控制有毒有害物质排放 让群众“吃得放心、住得安心”,http://ssthjj.zhuhai.gov.cn/hbxw/content/post_3140729.html,2022-04-29  
脱下军装的“环保卫士”叶仕兴： 不改军人本色 守护一方碧水,http://ssthjj.zhuhai.gov.cn/hbxw/content/post_3142168.html,2022-04-29  
助力“产业第一”出实招 仅用40天完成土壤污染状况调查,http://ssthjj.zhuhai.gov.cn/hbxw/content/post_3142170.html,2022-04-12  
,http://ssthjj.zhuhai.gov.cn/hbxw/content/post_3140667.html,2022-04-12  
李克强主持召开国务院常务会议 部署进一步抓好春季农业生产的措施等,http://www.gov.cn/premier/2022-04/20/content_5686323.htm,2022-04-12  
关于疫情最新形势、货运物流、春耕生产……这场发布会信息量很大！,http://www.gov.cn/fuwu/2022-04/19/content_5686152.htm,2022-04-12  
市生态环境局万山分局宣教人员谭瑶瑶： 用青春书写生态环境保护新篇章,http://ssthjj.zhuhai.gov.cn/hbxw/content/post_3137473.html,2022-04-12  
上海和吉林疫情仍处于发展状态、三针疫苗接种可有效降低感染奥密克戎后的病死率……权威回应！,http://www.gov.cn/fuwu/2022-04/06/content_5683774.htm,2022-04-12  
3月及1-3月珠海市各监测站点PM10浓度排名出炉 多部门联动应对污染天气,http://ssthjj.zhuhai.gov.cn/hbxw/content/post_3137442.html,2022-04-12  
助力“产业第一” 珠海土壤污染状况调查报告评审提速,http://ssthjj.zhuhai.gov.cn/hbxw/content/post_3137443.html,2022-04-12  
市生态环境局万山分局宣教人员谭瑶瑶： 用青春书写生态环境保护新篇章,http://ssthjj.zhuhai.gov.cn/hbxw/content/post_3137445.html,2022-04-12  
市生态环境局高栏港分局服务“产业第一”大局 主动帮扶为企业排忧解难,http://ssthjj.zhuhai.gov.cn/hbxw/content/post_3137449.html,2022-04-12  
因环境违法被处罚却拒不缴纳罚款 涉案企业遭法院强制执行列入失信名单,http://ssthjj.zhuhai.gov.cn/hbxw/content/post_3137457.html,2022-04-12  
生态环境部门加强督导检查 确保医废处置安全,http://ssthjj.zhuhai.gov.cn/hbxw/content/post_3137461.html,2022-04-12  
上海和吉林疫情仍处于发展状态、三针疫苗接种可有效降低感染奥密克戎后的病死率……权威回应！,http://www.gov.cn/fuwu/2022-04/06/content_5683774.htm,2022-04-12  
市生态环境局部署环境安全百日攻坚行动 有效防范遏制突发环境事件,http://ssthjj.zhuhai.gov.cn/hbxw/content/post_3134128.html,2022-04-12  
前山河“一市一策一专班”工作会议召开 聚焦水质改善 推进重点攻坚,http://ssthjj.zhuhai.gov.cn/hbxw/content/post_3134131.html,2022-04-12  
让“无废”理念深入人心、形成固废管理“特区模式” 我市出台“无废城市”试点方案,http://ssthjj.zhuhai.gov.cn/hbxw/content/post_3134127.html,2022-04-02  
珠海生态文明新媒体创作大赛启动,http://ssthjj.zhuhai.gov.cn/hbxw/content/post_3134129.html,2022-04-02  
市生态环境局斗门分局基层环保人刘本欣： 尽己所能守护好珠澳“大水缸”,http://ssthjj.zhuhai.gov.cn/hbxw/content/post_3134126.html,2022-04-02  
强化监管助力“美丽海湾”建设 市生态环境部门现场检查海天公园沙滩修复工程,http://ssthjj.zhuhai.gov.cn/hbxw/content/post_3134124.html,2022-04-02  
市生态环境局斗门分局基层环保人刘本欣： 尽己所能守护好珠澳“大水缸”,http://ssthjj.zhuhai.gov.cn/hbxw/content/post_3134123.html,2022-04-02  
3月全国本土感染者10万多例、清明节不建议跨省踏青旅行……权威发布！,http://www.gov.cn/fuwu/2022-04/01/content_5683024.htm,2022-04-02  
习近平会见欧洲理事会主席米歇尔和欧盟委员会主席冯德莱恩,http://www.gov.cn/xinwen/2022-04/01/content_5683038.htm,2022-04-02  
大规模留抵退税四月一日起实施,https://wap.peopleapp.com/article/6604435/6481103,2022-04-02  
中共中央政治局常务委员会召开会议 听取“3·21”东航MU5735航空器飞行事故应急处置情况汇报 就做好下一步工作作出部...,http://paper.people.com.cn/rmrb/html/2022-04/01/nw.D110000renmrb_20220401_1-01.htm,2022-04-02  
珠海启动省内首个无人船采样监测规范标准制定 无人船采样监测将有规可依,http://ssthjj.zhuhai.gov.cn/hbxw/content/post_3126939.html,2022-04-02  
2022年广东省环境教育基地开始申报 去年3家申报单位已获批,http://ssthjj.zhuhai.gov.cn/hbxw/content/post_3126940.html,2022-04-02  
坚持“民生为要” 努力解决群众诉求 市生态环境局斗门分局积极保障群众环保权益,http://ssthjj.zhuhai.gov.cn/hbxw/content/post_3126954.html,2022-04-02  
筑牢环境安全防线 确保医疗废物安全有效处置,http://ssthjj.zhuhai.gov.cn/hbxw/content/post_3126945.html,2022-04-02  
深入调查 积极协调 妥善解决引淡渠水质问题,http://ssthjj.zhuhai.gov.cn/hbxw/content/post_3126955.html,2022-04-02  
2021年珠海经济技术开发区空气质量达标率为94.2% 生态环境继续保持向好态势,http://ssthjj.zhuhai.gov.cn/hbxw/content/post_3126956.html,2022-04-02  
市生态环境技术中心宣教工作人员范玉坤： 用心做生态环保理念的传播者,http://ssthjj.zhuhai.gov.cn/hbxw/content/post_3126931.html,2022-03-14  
筑牢医学隔离点环境安全防线，他们严阵以待！,http://ssthjj.zhuhai.gov.cn/hbxw/content/post_3124993.html,2022-03-14  
筑牢医学隔离点环境安全防线，他们严阵以待！,http://ssthjj.zhuhai.gov.cn/hbxw/content/post_3124992.html,2022-03-14  
及时雨！广东推47条措施助服务业困难行业企业纾困,https://static.nfapp.southcn.com/content/202203/25/c6338350.html?colID=0&firstColID=16&appversion=8610,2022-03-14  
“47+32+10”，一文读懂广东助企纾困密码,https://static.nfapp.southcn.com/content/202203/25/c6340115.html?colID=0&firstColID=16&appversion=8610,2022-03-14  
李克强总理出席记者会并回答中外记者提问,http://www.gov.cn/premier/2022-03/11/content_5678618.htm#1,2022-03-14  
东方风来暖人间——习近平“两会时间”让世界理解“中国之治”,http://www.gov.cn/xinwen/2022-03/11/content_5678614.htm,2022-03-14  
新华社受权播发《政府工作报告》,http://www.jjckb.cn/2022-03/12/c_1310511846.htm,2022-03-14  
李克强主持召开国务院常务会 确定《政府工作报告》重点任务分工,http://www.gov.cn/premier/2022-03/14/content_5678988.htm,2022-03-14  
坚持“动态清零”总方针不动摇、这些途径可购买抗原检测试剂……权威回应！,http://cms.zhuhai.gov.cn/editor#/756008/cats/post/add/9450?type=url,2022-03-14  
“十三五”广东省生态环境保护先进工作者刘俊滔：守护生态环境 不忘初心建新功,http://ssthjj.zhuhai.gov.cn/hbxw/content/post_3070963.html,2022-03-14  
执法队员与群众联手出击 “躲猫猫”企业违法排污被逮正着,http://ssthjj.zhuhai.gov.cn/hbxw/content/post_3070911.html,2022-03-14  
前山河“一市一策一专班”工作会议召开 持续深入打好“碧水保卫战”,http://ssthjj.zhuhai.gov.cn/hbxw/content/post_3070900.html,2022-03-14  
加强防疫督导 促进项目投产,http://ssthjj.zhuhai.gov.cn/hbxw/content/post_3070878.html,2022-03-14  
环保服务进园区 助力产业项目落地,http://ssthjj.zhuhai.gov.cn/hbxw/content/post_3070879.html,2022-03-14  
“十三五”广东省生态环境保护先进工作者刘俊滔：守护生态环境 不忘初心建新功,http://ssthjj.zhuhai.gov.cn/hbxw/content/post_3070890.html,2022-02-25  
金湾“企业环保健康码”进入测试阶段 “码”上服务助力“产业第一”,http://ssthjj.zhuhai.gov.cn/hbxw/content/post_3070896.html,2022-02-25  
珠海市生态环境局被授予“十三五”广东省生态环境保护先进集体称号 生态环境保护工作亮点纷呈,http://ssthjj.zhuhai.gov.cn/hbxw/content/post_3070871.html,2022-02-25  
珠海市东部生态环境监测中心党支部书记、主任刘宏： 勇挑重担践行使命与担当,http://ssthjj.zhuhai.gov.cn/hbxw/content/post_3066114.html,2022-02-25  
习近平主持召开中央全面深化改革委员会第二十四次会议强调：加快建设世界一流企业 加强基础学科人才培养,http://www.gov.cn/xinwen/2022-02/28/content_5676110.htm,2022-02-25  
珠海市东部生态环境监测中心党支部书记、主任刘宏： 勇挑重担践行使命与担当,http://ssthjj.zhuhai.gov.cn/hbxw/content/post_3066079.html,2022-02-25  
珠海生态文明高校行动联盟2022年行动项目完成复审,http://ssthjj.zhuhai.gov.cn/hbxw/content/post_3066080.html,2022-02-25  
持续跟进企业整改工作 省级专家现场帮扶企业解技术难题,http://ssthjj.zhuhai.gov.cn/hbxw/content/post_3066076.html,2022-02-25  
科学谋划农村生活污水治理 《珠海市农村生活污水治理巩固提升工作方案（2021-2025年）》通过评审,http://ssthjj.zhuhai.gov.cn/hbxw/content/post_3066075.html,2022-02-25  
《珠海市生态环境保护暨生态文明建设“十四五”规划》解读 加快打造全国生态文明新典范,http://ssthjj.zhuhai.gov.cn/hbxw/content/post_3066073.html,2022-02-25  
新年空气质量实现良好开局 1月珠海市空气质量100%达标,http://ssthjj.zhuhai.gov.cn/hbxw/content/post_3063823.html,2022-02-25  
暖心帮扶 科学指导 助力冷链食品企业筑牢环境安全防线,http://ssthjj.zhuhai.gov.cn/hbxw/content/post_3063804.html,2022-02-25  
珠海30家企业参评省级环境信用评价结果公布  21家绿牌9家蓝牌,http://ssthjj.zhuhai.gov.cn/hbxw/content/post_3063803.html,2022-02-25  
我市总体空气质量持续改善，季节性分布规律较为明显 汽车尾气污染治理如箭在弦,http://ssthjj.zhuhai.gov.cn/hbxw/content/post_3063792.html,2022-02-25  
新年空气质量实现良好开局 1月珠海市空气质量100%达标,http://ssthjj.zhuhai.gov.cn/hbxw/content/post_3063786.html,2022-02-25  
我市海域国控点位水质首次采样监测已完成 多数监测点位无机氮水平好转,http://ssthjj.zhuhai.gov.cn/hbxw/content/post_3063346.html,2022-01-30  
这些小微个体户减免6个月房租、引导外卖等平台下调商户服务费……渡难关，最新安排！,https://mp.weixin.qq.com/s/Gvsb19XQS1U_XUvqyw7UzA,2022-01-30  
共筑“第一安全屏障” 多部门联合检查进口冷链食品集中监管仓,http://ssthjj.zhuhai.gov.cn/hbxw/content/post_3059940.html,2022-01-30  
2021年1月-12月全国168个重点城市环境空气质量排名出炉 珠海全年总体空气质量位列全国第十位,http://ssthjj.zhuhai.gov.cn/hbxw/content/post_3057877.html,2022-01-30  
三方联动现场督查 打好海岛防疫“组合拳”,http://ssthjj.zhuhai.gov.cn/hbxw/content/post_3059924.html,2022-01-30  
共筑“第一安全屏障” 多部门联合检查进口冷链食品集中监管仓,http://ssthjj.zhuhai.gov.cn/hbxw/content/post_3059917.html,2022-01-30  
市生态环境局斗门分局执法人员袁周炎妍：学霸级的“治水”女护卫,http://ssthjj.zhuhai.gov.cn/hbxw/content/post_3059916.html,2022-01-30  
市生态环境局召开党史学习教育总结会议 推动党史学习教育常态化长效化,http://ssthjj.zhuhai.gov.cn/hbxw/content/post_3059914.html,2022-01-30  
1月全市27个监测站点PM10平均浓度排名出炉 东澳站点31微克/立方米居榜首,http://ssthjj.zhuhai.gov.cn/hbxw/content/post_3059907.html,2022-01-30  
李克强主持召开国务院常务会议,http://www.gov.cn/premier/2022-02/15/content_5673780.htm,2022-01-30  
以系统观念推动绿色低碳发展,https://weibo.com/ttarticle/p/show?id=2309404735331323740209,2022-01-30  
市生态环境局会同交警联合查处“黑烟车,http://ssthjj.zhuhai.gov.cn/hbxw/content/post_3057867.html,2022-01-30  
筑牢安全防线，他们依然坚守在隔离酒店,http://ssthjj.zhuhai.gov.cn/hbxw/content/post_3057866.html,2022-01-30  
2021年1月-12月全国168个重点城市环境空气质量排名出炉 珠海全年总体空气质量位列全国第十位,http://ssthjj.zhuhai.gov.cn/hbxw/content/post_3057865.html,2022-01-30  
春节假期珠海空气质量如何？预报来了,https://mp.weixin.qq.com/s/_pR_jDByuPiRrx_EdQ-YuQ,2022-01-30  
市生态环境局金湾分局：持续创新助力扬尘污染防治提质,http://ssthjj.zhuhai.gov.cn/hbxw/content/post_3056068.html,2022-01-06  
2021年我国生态环境领域8项约束性指标顺利完成,https://weibo.com/tv/show/1034:4729854256676946?from=old_pc_videoshow,2022-01-06  
市生态环境局抽查隔离场所问题整改情况 筑牢疫情防控生态环境安全防线,http://ssthjj.zhuhai.gov.cn/hbxw/content/post_3054768.html,2022-01-06  
珠海生态文明高校行动联盟项目推介会召开 十所高校视频直播介绍29个项目,http://ssthjj.zhuhai.gov.cn/hbxw/content/post_3054761.html,2022-01-06  
市生态环境局强化医疗废物收运处置监管 我市涉疫医疗废物“日产日清”,http://ssthjj.zhuhai.gov.cn/hbxw/content/post_3054753.html,2022-01-06  
2021年下半年珠海建设用地土壤污染状况调查报告评审情况发布 4个地块调查报告未通过评审,http://ssthjj.zhuhai.gov.cn/hbxw/content/post_3054756.html,2022-01-06  
市生态环境局抽查隔离场所问题整改情况 筑牢疫情防控生态环境安全防线,http://ssthjj.zhuhai.gov.cn/hbxw/content/post_3054758.html,2022-01-06  
市生态环境局金湾分局： 持续创新助力扬尘污染防治提质,http://ssthjj.zhuhai.gov.cn/hbxw/content/post_3054760.html,2022-01-06  
@珠海人 依法抗疫！一键get这些法律知识！,http://ssthjj.zhuhai.gov.cn/hbxw/content/post_3051996.html,2022-01-06  
珠海市正式启动土壤和地下水环境背景值调查采样,http://ssthjj.zhuhai.gov.cn/hbxw/content/post_3051865.html,2022-01-06  
助力打赢疫情防控阻击战 生态环保铁军义不容辞,https://mp.weixin.qq.com/s/YzVSnuvrEOrCBPKJjoODcw,2022-01-06  
全文 | 生态环境部党组书记孙金龙在2022年全国生态环境保护工作会议上的讲话,https://mp.weixin.qq.com/s/D6QKYz3Yn-Vcz9luIyAiAQ,2022-01-06  
李克强主持召开国务院常务会议,http://www.gov.cn/premier/2022-01/10/content_5667518.htm,2022-01-06  
资源循环 增绿提效,https://weibo.com/ttarticle/p/show?id=2309404722006728769729,2022-01-06  
生态环境部就“十四五”土壤、地下水和农村生态环境保护规划答记者问,https://weibo.com/ttarticle/p/show?id=2309404721927016284576,2022-01-06  
